demand_shock_scenario,demand_shock_magnitude,param,param_desc_full,TRUE,esti_mean,esti_sd,esti_median,bias_mean_sd,bias_median_sd,init_mean_perc_in_esti,bias_mean_norm,bias_median_norm,coef_var,sig90,sig95,sig99,esti_count
a,7.50E-04,ar_alpha_A001_i1,"alpha_{3, occ=manual), a_{1,3}, cubic, x 2e4",2.679394148,2.679300961,0.006879916,2.679513318,-0.01354467,0.017321492,0.495,-3.48E-05,4.45E-05,0.002567803,1,1,1,300
a,7.50E-04,ar_alpha_A001_i2,"alpha_{3, occ=manual), a_{1,2}, quadratic, x 1e3",-5.618543579,-5.618679666,0.012780111,-5.618643734,-0.010648309,-0.007836749,0.505,2.42E-05,1.78E-05,-0.002274575,1,1,1,300
a,7.50E-04,ar_alpha_A001_i3,"alpha_{3, occ=manual), a_{1,1}, linear, x 5e1",3.428594238,3.428140911,0.008510434,3.428384843,-0.053267258,-0.024604574,0.515,-1.32E-04,-6.11E-05,0.002482522,1,1,1,300
a,7.50E-04,ar_alpha_A001_i4,"alpha_{3, occ=manual), a_{1,0}, intercept, x 1e0",-1.009677994,-1.010127226,0.002808997,-1.010007953,-0.159926079,-0.117464891,0.545,4.45E-04,3.27E-04,-0.002780835,0,0,0,300
a,7.50E-04,ar_alpha_A002_i1,"alpha_{3, occ=routine), a_{1,3}, cubic, x 2e4",3.434265582,3.433267769,0.010521511,3.433156028,-0.094835549,-0.105455837,0.535,-2.91E-04,-3.23E-04,0.003064576,1,1,1,300
a,7.50E-04,ar_alpha_A002_i2,"alpha_{3, occ=routine), a_{1,2}, quadratic, x 1e3",-7.925275714,-7.926007835,0.018588487,-7.92585334,-0.039385687,-0.031074349,0.515,9.24E-05,7.29E-05,-0.002345252,1,1,1,300
a,7.50E-04,ar_alpha_A002_i3,"alpha_{3, occ=routine), a_{1,1}, linear, x 5e1",5.772149234,5.771651664,0.012589157,5.772550821,-0.039523644,0.031899453,0.495,-8.62E-05,6.96E-05,0.002181205,1,1,1,300
a,7.50E-04,ar_alpha_A002_i4,"alpha_{3, occ=routine), a_{1,0}, intercept, x 1e0",-1.556822829,-1.556905107,0.006210841,-1.557072843,-0.013247392,-0.040254471,0.515,5.28E-05,1.61E-04,-0.003989222,1,1,1,300
a,7.50E-04,ar_alpha_A003_i1,"alpha_{3, occ=analytical), a_{1,3}, cubic, x 2e4",1.387366044,1.387114737,0.004645591,1.387004805,-0.054095789,-0.07775956,0.528333333,-1.81E-04,-2.60E-04,0.003349104,1,1,1,300
a,7.50E-04,ar_alpha_A003_i2,"alpha_{3, occ=analytical), a_{1,2}, quadratic, x 1e3",-3.117626778,-3.117902154,0.007599345,-3.118064751,-0.03623684,-0.057632973,0.528333333,8.83E-05,1.40E-04,-0.002437326,1,1,1,300
a,7.50E-04,ar_alpha_A003_i3,"alpha_{3, occ=analytical), a_{1,1}, linear, x 5e1",2.1504103,2.150595339,0.005815315,2.150715381,0.031819219,0.052461566,0.471666667,8.60E-05,1.42E-04,0.002704049,1,1,1,300
a,7.50E-04,ar_alpha_A003_i4,"alpha_{3, occ=analytical), a_{1,0}, intercept, x 1e0",-0.611077271,-0.611033687,0.002232758,-0.611049864,0.019520099,0.012275202,0.495,-7.13E-05,-4.49E-05,-0.003654067,1,1,1,300
a,7.50E-04,ar_alpha_AA01_i1,"alpha_{2}, a_{1,3}, cubic, x 2e4",0.673415999,0.673450937,0.004141131,0.673140405,0.008436963,-0.066550497,0.521666667,5.19E-05,-4.09E-04,0.006149121,1,1,1,300
a,7.50E-04,ar_alpha_AA01_i2,"alpha_{2}, a_{1,2}, quadratic, x 1e3",-1.977970176,-1.978025871,0.0050834,-1.978003604,-0.010956278,-0.006575927,0.511666667,2.82E-05,1.69E-05,-0.002569936,1,1,1,300
a,7.50E-04,ar_alpha_AA01_i3,"alpha_{2}, a_{1,1}, linear, x 5e1",1.830319748,1.830456025,0.004567851,1.830823641,0.029834007,0.110313016,0.458333333,7.45E-05,2.75E-04,0.002495472,1,1,1,300
a,7.50E-04,ar_alpha_AA01_i4,"alpha_{2}, a_{1,0}, intercept, x 1e0",-0.714123901,-0.714144655,0.001230385,-0.71419868,-0.016868053,-0.06077674,0.528333333,2.91E-05,1.05E-04,-0.001722879,1,1,1,300
a,7.50E-04,ar_alpha_AA02_i1,"alpha_{1}, a_{1,3}, cubic, x 2e4",0.196185275,0.196486876,0.003595174,0.196235161,0.083890392,0.013875787,0.491666667,0.001537325,2.54E-04,0.018297274,1,1,1,300
a,7.50E-04,ar_alpha_AA02_i2,"alpha_{1}, a_{1,2}, quadratic, x 1e3",-0.295119749,-0.29547977,0.004411987,-0.295412085,-0.081600767,-0.066259553,0.538333333,0.001219917,9.91E-04,-0.014931605,1,1,1,300
a,7.50E-04,ar_alpha_AA02_i3,"alpha_{1}, a_{1,1}, linear, x 5e1",0.078634825,0.07870283,0.004816925,0.07884075,0.014117826,0.04275013,0.471666667,8.65E-04,0.00261874,0.061203965,1,1,1,300
a,7.50E-04,ar_alpha_AA02_i4,"alpha_{1}, a_{1,0}, intercept, x 1e0",-0.672994454,-0.672980861,0.00236417,-0.67290719,0.005749556,0.036911048,0.481666667,-2.02E-05,-1.30E-04,-0.003512983,1,1,1,300
a,7.50E-04,ar_alpha_B001_i1,"alpha_{4, skl=unskilled, occ=manual}, a_{1,3}, cubic, x 2e4",1.422657702,1.422826851,0.004143631,1.422919915,0.040821427,0.063280933,0.481666667,1.19E-04,1.84E-04,0.002912252,1,1,1,300
a,7.50E-04,ar_alpha_B001_i2,"alpha_{4, skl=unskilled, occ=manual}, a_{1,2}, quadratic, x 1e3",-3.176825143,-3.176793899,0.007166305,-3.176609269,0.004359855,0.03012356,0.481666667,-9.83E-06,-6.80E-05,-0.002255829,1,1,1,300
a,7.50E-04,ar_alpha_B001_i3,"alpha_{4, skl=unskilled, occ=manual}, a_{1,1}, linear, x 5e1",2.320477716,2.320548776,0.005605031,2.320612687,0.012677872,0.024080271,0.488333333,3.06E-05,5.82E-05,0.00241539,1,1,1,300
a,7.50E-04,ar_alpha_B001_i4,"alpha_{4, skl=unskilled, occ=manual}, a_{1,0}, intercept, x 1e0",-1.333766153,-1.333831478,0.001919299,-1.333750873,-0.034035757,0.007961419,0.495,4.90E-05,-1.15E-05,-0.001438937,1,1,1,300
a,7.50E-04,ar_alpha_B002_i1,"alpha_{4, skl=unskilled, occ=routine}, a_{1,3}, cubic, x 2e4",1.555102477,1.554977505,0.004434658,1.555062706,-0.028180703,-0.008968243,0.501666667,-8.04E-05,-2.56E-05,0.002851912,1,1,1,300
a,7.50E-04,ar_alpha_B002_i2,"alpha_{4, skl=unskilled, occ=routine}, a_{1,2}, quadratic, x 1e3",-3.223372246,-3.223501448,0.00733298,-3.22362463,-0.017619337,-0.034417592,0.521666667,4.01E-05,7.83E-05,-0.002274849,1,1,1,300
a,7.50E-04,ar_alpha_B002_i3,"alpha_{4, skl=unskilled, occ=routine}, a_{1,1}, linear, x 5e1",1.837816147,1.837883992,0.004527784,1.837943244,0.014984157,0.02807042,0.491666667,3.69E-05,6.92E-05,0.002463585,1,1,1,300
a,7.50E-04,ar_alpha_B002_i4,"alpha_{4, skl=unskilled, occ=routine}, a_{1,0}, intercept, x 1e0",-1.136141,-1.135988152,0.001988196,-1.136150147,0.07687758,-0.004600317,0.501666667,-1.35E-04,8.05E-06,-0.001750191,1,1,1,300
a,7.50E-04,ar_alpha_B003_i1,"alpha_{4, skl=unskilled, occ=analytical}, a_{1,3}, cubic, x 2e4",0.860470895,0.860748105,0.002863385,0.86070822,0.096812048,0.082882691,0.455,3.22E-04,2.76E-04,0.003326624,0,1,1,300
a,7.50E-04,ar_alpha_B003_i2,"alpha_{4, skl=unskilled, occ=analytical}, a_{1,2}, quadratic, x 1e3",-1.889335131,-1.889204175,0.00423323,-1.8891237,0.030935114,0.049945521,0.478333333,-6.93E-05,-1.12E-04,-0.002240748,1,1,1,300
a,7.50E-04,ar_alpha_B003_i3,"alpha_{4, skl=unskilled, occ=analytical}, a_{1,1}, linear, x 5e1",1.249721625,1.249757898,0.004098848,1.249611538,0.008849693,-0.026858069,0.511666667,2.90E-05,-8.81E-05,0.003279714,1,1,1,300
a,7.50E-04,ar_alpha_B003_i4,"alpha_{4, skl=unskilled, occ=analytical}, a_{1,0}, intercept, x 1e0",-0.873685531,-0.873546044,5.69E-04,-0.873553875,0.245224022,0.231457246,0.418333333,-1.60E-04,-1.51E-04,-6.51E-04,0,0,0,300
a,7.50E-04,ar_alpha_B101_i1,"alpha_{4, skl=skilled, occ=manual}, a_{1,3}, cubic, x 2e4",-0.35367608,-0.353733646,0.003988979,-0.353767441,-0.014431155,-0.022903361,0.511666667,1.63E-04,2.58E-04,-0.011276786,1,1,1,300
a,7.50E-04,ar_alpha_B101_i2,"alpha_{4, skl=skilled, occ=manual}, a_{1,2}, quadratic, x 1e3",-1.110176409,-1.110207516,0.004598179,-1.110104893,-0.006764922,0.015553216,0.491666667,2.80E-05,-6.44E-05,-0.004141729,1,1,1,300
a,7.50E-04,ar_alpha_B101_i3,"alpha_{4, skl=skilled, occ=manual}, a_{1,1}, linear, x 5e1",5.225877857,5.225894014,0.01331442,5.226680242,0.00121355,0.060264345,0.478333333,3.09E-06,1.54E-04,0.002547778,1,1,1,300
a,7.50E-04,ar_alpha_B101_i4,"alpha_{4, skl=skilled, occ=manual}, a_{1,0}, intercept, x 1e0",-2.852406105,-2.852186132,0.005686319,-2.851950284,0.038684489,0.08016093,0.485,-7.71E-05,-1.60E-04,-0.00199367,1,1,1,300
a,7.50E-04,ar_alpha_B102_i1,"alpha_{4, skl=skilled, occ=routine}, a_{1,3}, cubic, x 2e4",-2.018863293,-2.019129191,0.006121643,-2.01903693,-0.043435854,-0.028364499,0.515,1.32E-04,8.60E-05,-0.003031823,1,1,1,300
a,7.50E-04,ar_alpha_B102_i2,"alpha_{4, skl=skilled, occ=routine}, a_{1,2}, quadratic, x 1e3",4.670945986,4.67086097,0.010956513,4.67126771,-0.007759364,0.029363726,0.495,-1.82E-05,6.89E-05,0.002345716,1,1,1,300
a,7.50E-04,ar_alpha_B102_i3,"alpha_{4, skl=skilled, occ=routine}, a_{1,1}, linear, x 5e1",-1.531716992,-1.53163422,0.005117071,-1.531475996,0.016175792,0.047096625,0.485,-5.40E-05,-1.57E-04,-0.003340922,1,1,1,300
a,7.50E-04,ar_alpha_B102_i4,"alpha_{4, skl=skilled, occ=routine}, a_{1,0}, intercept, x 1e0",-1.338602268,-1.338146817,0.002372385,-1.338205237,0.191979985,0.167355084,0.428333333,-3.40E-04,-2.97E-04,-0.001772889,0,0,0,300
a,7.50E-04,ar_alpha_B103_i1,"alpha_{4, skl=skilled, occ=analytical}, a_{1,3}, cubic, x 2e4",-1.507044766,-1.50733696,0.003570154,-1.507182885,-0.0818435,-0.038687012,0.515,1.94E-04,9.16E-05,-0.002368517,1,1,1,300
a,7.50E-04,ar_alpha_B103_i2,"alpha_{4, skl=skilled, occ=analytical}, a_{1,2}, quadratic, x 1e3",2.345943132,2.345913553,0.005483218,2.346051456,-0.005394427,0.019755584,0.491666667,-1.26E-05,4.62E-05,0.002337349,1,1,1,300
a,7.50E-04,ar_alpha_B103_i3,"alpha_{4, skl=skilled, occ=analytical}, a_{1,1}, linear, x 5e1",-0.077461202,-0.077365129,0.002568304,-0.077234259,0.037406784,0.088362775,0.448333333,-0.00124026,-0.002929757,-0.033197183,1,1,1,300
a,7.50E-04,ar_alpha_B103_i4,"alpha_{4, skl=skilled, occ=analytical}, a_{1,0}, intercept, x 1e0",-1.146562743,-1.146375443,0.001084416,-1.146331398,0.172719766,0.213336255,0.415,-1.63E-04,-2.02E-04,-9.46E-04,0,0,0,300
a,7.50E-04,arpie_f_s_i3,"pie_{2, gen=female, skl=skilled}",2.735780077,2.735006935,0.007812085,2.735123527,-0.098967414,-0.084042909,0.538333333,-2.83E-04,-2.40E-04,0.002856331,0,1,1,300
a,7.50E-04,arpie_f_s_i4,"pie_{3, gen=female, skl=skilled}",0.267472862,0.266060579,0.010829333,0.265976559,-0.130412722,-0.138171313,0.585,-0.005280098,-0.005594224,0.040702509,0,0,1,300
a,7.50E-04,arpie_f_s_i5,"pie_{4, gen=female, skl=skilled}",-8.346601484,-8.348186434,0.018436519,-8.348715599,-0.08596797,-0.114669964,0.545,1.90E-04,2.53E-04,-0.002208446,1,1,1,300
a,7.50E-04,arpie_f_s_i6,"pie_{5, gen=female, skl=skilled}",-1.150453134,-1.151595793,0.010185052,-1.152404071,-0.112189893,-0.191549091,0.565,9.93E-04,0.001695799,-0.008844294,0,1,1,300
a,7.50E-04,arpie_f_u_i1,"pie_{1, gen=female}",11.14864017,11.14611465,0.019292778,11.14571714,-0.130905038,-0.151509255,0.555,-2.27E-04,-2.62E-04,0.001730897,0,0,1,300
a,7.50E-04,arpie_f_u_i3,"pie_{2, gen=female, skl=unskilled}",-0.256626255,-0.256871552,0.006337247,-0.256808753,-0.038707099,-0.028797663,0.511666667,9.56E-04,7.11E-04,-0.024670879,1,1,1,300
a,7.50E-04,arpie_f_u_i4,"pie_{3, gen=female, skl=unskilled}",-0.265065472,-0.265516811,0.010021631,-0.265639637,-0.045036452,-0.057292586,0.521666667,0.001702744,0.002166126,-0.037743865,1,1,1,300
a,7.50E-04,arpie_f_u_i5,"pie_{4, gen=female, skl=unskilled}",-2.07434134,-2.074939709,0.005040933,-2.074808579,-0.118702065,-0.092689009,0.548333333,2.88E-04,2.25E-04,-0.002429436,0,0,1,300
a,7.50E-04,arpie_f_u_i6,"pie_{5, gen=female, skl=unskilled}",-0.51367892,-0.513928717,0.004947662,-0.513935624,-0.050488057,-0.051884001,0.515,4.86E-04,5.00E-04,-0.009627136,1,1,1,300
a,7.50E-04,arpie_k_s_i3,"pie_{2, gen=male, skl=skilled}",-0.043897209,-0.043878609,0.001536745,-0.043881682,0.01210387,0.010104303,0.498333333,-4.24E-04,-3.54E-04,-0.035022655,1,1,1,300
a,7.50E-04,arpie_k_s_i4,"pie_{3, gen=male, skl=skilled}",0.915581206,0.915630859,0.004147469,0.915674558,0.011972028,0.022508116,0.498333333,5.42E-05,1.02E-04,0.004529631,1,1,1,300
a,7.50E-04,arpie_k_s_i5,"pie_{4, gen=male, skl=skilled}",-3.030644866,-3.030592865,0.007294703,-3.030348952,0.007128577,0.040565555,0.481666667,-1.72E-05,-9.76E-05,-0.002407022,1,1,1,300
a,7.50E-04,arpie_k_s_i6,"pie_{5, gen=male, skl=skilled}",1.102477478,1.10251602,0.004048131,1.10257927,0.009521019,0.02514534,0.495,3.50E-05,9.23E-05,0.003671721,1,1,1,300
a,7.50E-04,arpie_k_u_i1,"pie_{1, gen=male}",2.445618775,2.445412249,0.005999871,2.445593789,-0.034421756,-0.004164432,0.505,-8.44E-05,-1.02E-05,0.002453521,1,1,1,300
a,7.50E-04,arpie_k_u_i3,"pie_{2, gen=male, skl=unskilled}",-2.280379071,-2.28057147,0.007074718,-2.28027332,-0.027195228,0.014947751,0.495,8.44E-05,-4.64E-05,-0.003102169,1,1,1,300
a,7.50E-04,arpie_k_u_i4,"pie_{3, gen=male, skl=unskilled}",3.017425831,3.017177117,0.008190776,3.017487162,-0.030365111,0.007487717,0.498333333,-8.24E-05,2.03E-05,0.002714715,1,1,1,300
a,7.50E-04,arpie_k_u_i5,"pie_{4, gen=male, skl=unskilled}",0.844966684,0.844911004,0.003995527,0.844486726,-0.013935368,-0.120123737,0.531666667,-6.59E-05,-5.68E-04,0.004728932,1,1,1,300
a,7.50E-04,arpie_k_u_i6,"pie_{5, gen=male, skl=unskilled}",0.711896149,0.711755484,0.004021682,0.711364402,-0.034976545,-0.132219989,0.531666667,-1.98E-04,-7.47E-04,0.00565037,1,1,1,300
a,7.50E-04,arpsi0_f_s_i2,"psi_{gen=female, skl=skilled, occ=routine}",1.159025258,1.159066553,0.001555764,1.159249572,0.026543078,0.14418252,0.435,3.56E-05,1.94E-04,0.001342256,1,1,1,300
a,7.50E-04,arpsi0_f_s_i3,"psi_{gen=female, skl=skilled, occ=analytical}",2.193653215,2.193379775,0.001711579,2.193582928,-0.159759469,-0.041065583,0.528333333,-1.25E-04,-3.20E-05,7.80E-04,0,0,0,300
a,7.50E-04,arpsi0_f_u_i1,"psi_{gen=female, skl=unskilled, occ=manual}",7.371468182,7.370420322,0.011764165,7.37013295,-0.089072214,-0.113499962,0.568333333,-1.42E-04,-1.81E-04,0.001596132,1,1,1,300
a,7.50E-04,arpsi0_f_u_i2,"psi_{gen=female, skl=unskilled, occ=routine}",6.541860619,6.54280486,0.011756066,6.542569368,0.080319477,0.060287962,0.478333333,1.44E-04,1.08E-04,0.001796793,1,1,1,300
a,7.50E-04,arpsi0_f_u_i3,"psi_{gen=female, skl=unskilled, occ=analytical}",6.308123091,6.308705065,0.011763796,6.308507121,0.049471594,0.032645054,0.485,9.23E-05,6.09E-05,0.001864693,1,1,1,300
a,7.50E-04,arpsi0_k_s_i2,"psi_{gen=male, skl=skilled, occ=routine}",0.429599619,0.429478581,6.81E-04,0.429537681,-0.177741673,-0.090954774,0.551666667,-2.82E-04,-1.44E-04,0.001585588,0,0,0,300
a,7.50E-04,arpsi0_k_s_i3,"psi_{gen=male, skl=skilled, occ=analytical}",1.349371273,1.34926623,0.001036252,1.349365167,-0.10136731,-0.005891934,0.505,-7.78E-05,-4.52E-06,7.68E-04,0,1,1,300
a,7.50E-04,arpsi0_k_u_i1,"psi_{gen=male, skl=unskilled, occ=manual}",6.692593744,6.693221155,0.009996704,6.692861855,0.062761822,0.026819906,0.485,9.37E-05,4.01E-05,0.001493556,1,1,1,300
a,7.50E-04,arpsi0_k_u_i2,"psi_{gen=male, skl=unskilled, occ=routine}",6.242917024,6.244018679,0.010002661,6.243603477,0.110136185,0.068627038,0.461666667,1.76E-04,1.10E-04,0.001601959,0,1,1,300
a,7.50E-04,arpsi0_k_u_i3,"psi_{gen=male, skl=unskilled, occ=analytical}",5.066103107,5.064571582,0.010039017,5.064303051,-0.152557293,-0.179305995,0.568333333,-3.02E-04,-3.55E-04,0.001982205,0,0,0,300
a,7.50E-04,fl_yzagg_y1989,Y_{1989}/Z_{1989},1.490444056,1.490494562,8.71E-04,1.490494143,0.057963758,0.057482346,0.475,3.39E-05,3.36E-05,5.85E-04,1,1,1,300
a,7.50E-04,fl_yzagg_y1992,Y_{1992}/Z_{1992},1.459551865,1.460248357,9.15E-04,1.460246238,0.760932901,0.758616917,0.221666667,4.77E-04,4.76E-04,6.27E-04,0,0,0,300
a,7.50E-04,fl_yzagg_y1994,Y_{1994}/Z_{1994},1.649741531,1.649406441,0.001071307,1.649387742,-0.312785997,-0.330240251,0.638333333,-2.03E-04,-2.14E-04,6.50E-04,0,0,0,300
a,7.50E-04,fl_yzagg_y1996,Y_{1996}/Z_{1996},1.768377143,1.768822896,0.001092022,1.768723223,0.408189952,0.316916482,0.351666667,2.52E-04,1.96E-04,6.17E-04,0,0,0,300
a,7.50E-04,fl_yzagg_y1998,Y_{1998}/Z_{1998},1.801688125,1.801857047,0.001219256,1.801831567,0.138545224,0.117646519,0.445,9.38E-05,7.96E-05,6.77E-04,0,0,1,300
a,7.50E-04,fl_yzagg_y2000,Y_{2000}/Z_{2000},2.060046432,2.05988985,0.00119574,2.059859116,-0.130949335,-0.156652487,0.555,-7.60E-05,-9.09E-05,5.80E-04,0,0,1,300
a,7.50E-04,fl_yzagg_y2002,Y_{2002}/Z_{2002},2.059655661,2.059869859,0.001106841,2.059863587,0.1935217,0.187855485,0.418333333,1.04E-04,1.01E-04,5.37E-04,0,0,0,300
a,7.50E-04,fl_yzagg_y2004,Y_{2004}/Z_{2004},2.280874779,2.280374728,0.001156383,2.280333463,-0.432426252,-0.46811129,0.675,-2.19E-04,-2.37E-04,5.07E-04,0,0,0,300
a,7.50E-04,fl_yzagg_y2005,Y_{2005}/Z_{2005},2.339081078,2.339243624,0.001142697,2.339205888,0.142247635,0.109224362,0.458333333,6.95E-05,5.34E-05,4.88E-04,0,0,1,300
a,7.50E-04,fl_yzagg_y2008,Y_{2008}/Z_{2008},2.490220342,2.490847653,0.001170734,2.490907994,0.535827001,0.587368595,0.295,2.52E-04,2.76E-04,4.70E-04,0,0,0,300
a,7.50E-04,fl_yzagg_y2010,Y_{2010}/Z_{2010},2.715281756,2.715395138,0.001219991,2.715422065,0.09293641,0.115008274,0.455,4.18E-05,5.17E-05,4.49E-04,1,1,1,300
a,7.50E-04,fl_yzagg_y2012,Y_{2012}/Z_{2012},2.822444535,2.82213132,0.00131872,2.822185786,-0.237514724,-0.196212249,0.595,-1.11E-04,-9.17E-05,4.67E-04,0,0,0,300
a,7.50E-04,fl_yzagg_y2014,Y_{2014}/Z_{2014},2.870940261,2.870808415,0.001373297,2.870808562,-0.0960069,-0.095899449,0.538333333,-4.59E-05,-4.59E-05,4.78E-04,0,1,1,300
a,7.50E-04,nest1,rho_{1},0.031410541,0.030619157,0.012150029,0.02975422,-0.065134333,-0.136322386,0.568333333,-8.16E-04,-0.001707115,0.396811364,1,1,1,300
a,7.50E-04,nest10,"rho_{3, occ=manual}",0.73852019,0.738499269,0.001461969,0.738497049,-0.014310304,-0.01582899,0.515,-8.00E-05,-8.85E-05,0.001979649,1,1,1,300
a,7.50E-04,nest1112,"rho_{4, occ=manual}",0.083519175,0.083381822,0.003072564,0.083468231,-0.044702918,-0.016580129,0.511666667,-1.50E-04,-5.56E-05,0.036849321,1,1,1,300
a,7.50E-04,nest2,rho_{2},-0.154375145,-0.153697811,0.014483741,-0.152810524,0.046765151,0.108026062,0.471666667,5.87E-04,0.001357223,-0.094235181,1,1,1,300
a,7.50E-04,nest20,"rho_{3, occ=routine}",0.300517472,0.300307497,0.003384041,0.300061746,-0.062048516,-0.134669176,0.541666667,-3.00E-04,-6.51E-04,0.011268586,1,1,1,300
a,7.50E-04,nest2122,"rho_{4, occ=routine}",0.21768748,0.217671321,0.003163948,0.217707703,-0.005107303,0.006391697,0.501666667,-2.07E-05,2.59E-05,0.014535439,1,1,1,300
a,7.50E-04,nest30,"rho_{3, occ=analytical}",0.302314691,0.302280136,0.010317912,0.301589697,-0.003349046,-0.070265623,0.548333333,-4.95E-05,-0.001038064,0.034133608,1,1,1,300
a,7.50E-04,nest3132,"rho_{4, occ=analytical}",0.659790692,0.65982872,0.001618522,0.659782505,0.023495463,-0.005058626,0.505,1.12E-04,-2.41E-05,0.002452943,1,1,1,300
a,7.50E-04,psi1,psi_1,0.966076618,0.966405013,0.001344964,0.966228582,0.24416665,0.112987256,0.431666667,3.40E-04,1.57E-04,0.001391718,0,0,0,300
b,0.0187,ar_alpha_A001_i1,"alpha_{3, occ=manual), a_{1,3}, cubic, x 2e4",2.679394148,2.676502037,0.076718115,2.678699046,-0.037697889,-0.009060462,0.508333333,-0.00107939,-2.59E-04,0.028663574,1,1,1,300
b,0.0187,ar_alpha_A001_i2,"alpha_{3, occ=manual), a_{1,2}, quadratic, x 1e3",-5.618543579,-5.616326401,0.042767474,-5.617521354,0.051842623,0.023901937,0.495,-3.95E-04,-1.82E-04,-0.007614848,1,1,1,300
b,0.0187,ar_alpha_A001_i3,"alpha_{3, occ=manual), a_{1,1}, linear, x 5e1",3.428594238,3.432216416,0.098732687,3.431131372,0.036686714,0.025697,0.491666667,0.001056462,7.40E-04,0.028766452,1,1,1,300
b,0.0187,ar_alpha_A001_i4,"alpha_{3, occ=manual), a_{1,0}, intercept, x 1e0",-1.009677994,-1.016938543,0.077986838,-1.006689031,-0.093099672,0.038326511,0.461666667,0.007190955,-0.002960314,-0.076687857,1,1,1,300
b,0.0187,ar_alpha_A002_i1,"alpha_{3, occ=routine), a_{1,3}, cubic, x 2e4",3.434265582,3.431228538,0.074368604,3.4296133,-0.040837717,-0.062557081,0.535,-8.84E-04,-0.001354666,0.021674046,1,1,1,300
b,0.0187,ar_alpha_A002_i2,"alpha_{3, occ=routine), a_{1,2}, quadratic, x 1e3",-7.925275714,-7.923813623,0.05878321,-7.923689067,0.024872609,0.026991506,0.488333333,-1.84E-04,-2.00E-04,-0.00741855,1,1,1,300
b,0.0187,ar_alpha_A002_i3,"alpha_{3, occ=routine), a_{1,1}, linear, x 5e1",5.772149234,5.77579117,0.089870048,5.775849307,0.040524469,0.041171373,0.478333333,6.31E-04,6.41E-04,0.015559781,1,1,1,300
b,0.0187,ar_alpha_A002_i4,"alpha_{3, occ=routine), a_{1,0}, intercept, x 1e0",-1.556822829,-1.561661352,0.0822361,-1.559078592,-0.05883696,-0.027430321,0.511666667,0.003107947,0.001448953,-0.052659368,1,1,1,300
b,0.0187,ar_alpha_A003_i1,"alpha_{3, occ=analytical), a_{1,3}, cubic, x 2e4",1.387366044,1.377606645,0.163106289,1.385894746,-0.059834594,-0.009020484,0.508333333,-0.00703448,-0.001060497,0.118398303,1,1,1,300
b,0.0187,ar_alpha_A003_i2,"alpha_{3, occ=analytical), a_{1,2}, quadratic, x 1e3",-3.117626778,-3.125443781,0.255297122,-3.118773542,-0.030619237,-0.004491877,0.501666667,0.002507357,3.68E-04,-0.081683479,1,1,1,300
b,0.0187,ar_alpha_A003_i3,"alpha_{3, occ=analytical), a_{1,1}, linear, x 5e1",2.1504103,2.240112964,0.261412843,2.176985281,0.343145587,0.101659045,0.415,0.041714208,0.012358097,0.116696277,0,0,0,300
b,0.0187,ar_alpha_A003_i4,"alpha_{3, occ=analytical), a_{1,0}, intercept, x 1e0",-0.611077271,-0.642590241,0.10685274,-0.616971995,-0.294919625,-0.055166807,0.545,0.051569534,0.009646447,-0.166284412,0,0,0,300
b,0.0187,ar_alpha_AA01_i1,"alpha_{2}, a_{1,3}, cubic, x 2e4",0.673415999,0.657225719,0.12581472,0.679165422,-0.128683509,0.045697536,0.475,-0.024042018,0.008537698,0.191433044,0,0,1,300
b,0.0187,ar_alpha_AA01_i2,"alpha_{2}, a_{1,2}, quadratic, x 1e3",-1.977970176,-1.968264866,0.116281383,-1.97818204,0.083464005,-0.001821995,0.501666667,-0.004906702,1.07E-04,-0.059078118,1,1,1,300
b,0.0187,ar_alpha_AA01_i3,"alpha_{2}, a_{1,1}, linear, x 5e1",1.830319748,1.858289158,0.13231978,1.839012323,0.211377393,0.065693692,0.465,0.015281161,0.004749211,0.071205162,0,0,0,300
b,0.0187,ar_alpha_AA01_i4,"alpha_{2}, a_{1,0}, intercept, x 1e0",-0.714123901,-0.723969541,0.055123723,-0.710301287,-0.178609855,0.069346091,0.461666667,0.01378702,-0.005352873,-0.076140942,0,0,0,300
b,0.0187,ar_alpha_AA02_i1,"alpha_{1}, a_{1,3}, cubic, x 2e4",0.196185275,0.222852097,0.143963427,0.212272285,0.185233309,0.111743723,0.461666667,0.135926726,0.081999066,0.646004365,0,0,0,300
b,0.0187,ar_alpha_AA02_i2,"alpha_{1}, a_{1,2}, quadratic, x 1e3",-0.295119749,-0.345152257,0.227281302,-0.330229127,-0.220134732,-0.154475436,0.591666667,0.169532905,0.11896655,-0.658495773,0,0,0,300
b,0.0187,ar_alpha_AA02_i3,"alpha_{1}, a_{1,1}, linear, x 5e1",0.078634825,0.068632168,0.23057737,0.076321712,-0.043380913,-0.010031831,0.515,-0.127203906,-0.029415889,3.359610744,1,1,1,300
b,0.0187,ar_alpha_AA02_i4,"alpha_{1}, a_{1,0}, intercept, x 1e0",-0.672994454,-0.654718474,0.099119061,-0.665999494,0.18438411,0.07057129,0.475,-0.027156212,-0.010393786,-0.15139188,0,0,0,300
b,0.0187,ar_alpha_B001_i1,"alpha_{4, skl=unskilled, occ=manual}, a_{1,3}, cubic, x 2e4",1.422657702,1.430880899,0.074119292,1.434114367,0.11094543,0.154570626,0.425,0.005780165,0.008053002,0.051799763,0,1,1,300
b,0.0187,ar_alpha_B001_i2,"alpha_{4, skl=unskilled, occ=manual}, a_{1,2}, quadratic, x 1e3",-3.176825143,-3.186256392,0.071202519,-3.181944032,-0.132456676,-0.07189197,0.551666667,0.002968766,0.001611322,-0.022346764,0,0,1,300
b,0.0187,ar_alpha_B001_i3,"alpha_{4, skl=unskilled, occ=manual}, a_{1,1}, linear, x 5e1",2.320477716,2.316604028,0.080966188,2.317662916,-0.047843281,-0.034765134,0.505,-0.001669349,-0.001213026,0.034950379,1,1,1,300
b,0.0187,ar_alpha_B001_i4,"alpha_{4, skl=unskilled, occ=manual}, a_{1,0}, intercept, x 1e0",-1.333766153,-1.329522434,0.035310858,-1.331697204,0.120181709,0.058592455,0.485,-0.003181757,-0.001551209,-0.026559054,0,0,1,300
b,0.0187,ar_alpha_B002_i1,"alpha_{4, skl=unskilled, occ=routine}, a_{1,3}, cubic, x 2e4",1.555102477,1.557347666,0.074750388,1.561164021,0.030035818,0.081090468,0.451666667,0.001443756,0.003897842,0.047998523,1,1,1,300
b,0.0187,ar_alpha_B002_i2,"alpha_{4, skl=unskilled, occ=routine}, a_{1,2}, quadratic, x 1e3",-3.223372246,-3.224250534,0.068963322,-3.228154121,-0.012735585,-0.069339395,0.541666667,2.72E-04,0.001483501,-0.021388947,1,1,1,300
b,0.0187,ar_alpha_B002_i3,"alpha_{4, skl=unskilled, occ=routine}, a_{1,1}, linear, x 5e1",1.837816147,1.834707894,0.085448614,1.833762864,-0.036375697,-0.04743533,0.525,-0.001691275,-0.002205489,0.046573416,1,1,1,300
b,0.0187,ar_alpha_B002_i4,"alpha_{4, skl=unskilled, occ=routine}, a_{1,0}, intercept, x 1e0",-1.136141,-1.133437475,0.059368192,-1.132067787,0.045538284,0.068609352,0.455,-0.002379569,-0.00358513,-0.052378886,1,1,1,300
b,0.0187,ar_alpha_B003_i1,"alpha_{4, skl=unskilled, occ=analytical}, a_{1,3}, cubic, x 2e4",0.860470895,0.861105157,0.08011711,0.864730796,0.007916684,0.053170922,0.465,7.37E-04,0.004950662,0.093039867,1,1,1,300
b,0.0187,ar_alpha_B003_i2,"alpha_{4, skl=unskilled, occ=analytical}, a_{1,2}, quadratic, x 1e3",-1.889335131,-1.8922811,0.105865802,-1.891768792,-0.027827395,-0.022988171,0.515,0.001559263,0.001288105,-0.055946129,1,1,1,300
b,0.0187,ar_alpha_B003_i3,"alpha_{4, skl=unskilled, occ=analytical}, a_{1,1}, linear, x 5e1",1.249721625,1.253698553,0.096064711,1.253316935,0.041398432,0.037425922,0.491666667,0.003182251,0.002876889,0.076625047,1,1,1,300
b,0.0187,ar_alpha_B003_i4,"alpha_{4, skl=unskilled, occ=analytical}, a_{1,0}, intercept, x 1e0",-0.873685531,-0.874246142,0.01525571,-0.874942504,-0.036747667,-0.082393598,0.538333333,6.42E-04,0.001438702,-0.017450132,1,1,1,300
b,0.0187,ar_alpha_B101_i1,"alpha_{4, skl=skilled, occ=manual}, a_{1,3}, cubic, x 2e4",-0.35367608,-0.359205958,0.044720545,-0.360460592,-0.123654081,-0.151709065,0.558333333,0.015635431,0.019182841,-0.124498338,0,0,1,300
b,0.0187,ar_alpha_B101_i2,"alpha_{4, skl=skilled, occ=manual}, a_{1,2}, quadratic, x 1e3",-1.110176409,-1.115460727,0.033012459,-1.113817566,-0.160070398,-0.110296418,0.545,0.00475989,0.003279799,-0.029595358,0,0,0,300
b,0.0187,ar_alpha_B101_i3,"alpha_{4, skl=skilled, occ=manual}, a_{1,1}, linear, x 5e1",5.225877857,5.22206844,0.022899125,5.221343441,-0.166356447,-0.198017007,0.581666667,-7.29E-04,-8.68E-04,0.004385068,0,0,0,300
b,0.0187,ar_alpha_B101_i4,"alpha_{4, skl=skilled, occ=manual}, a_{1,0}, intercept, x 1e0",-2.852406105,-2.840079722,0.082445061,-2.846757938,0.149510265,0.068508247,0.458333333,-0.004321398,-0.001980141,-0.029029136,0,0,0,300
b,0.0187,ar_alpha_B102_i1,"alpha_{4, skl=skilled, occ=routine}, a_{1,3}, cubic, x 2e4",-2.018863293,-2.017764749,0.052582872,-2.019475283,0.020891662,-0.011638577,0.515,-5.44E-04,3.03E-04,-0.026059962,1,1,1,300
b,0.0187,ar_alpha_B102_i2,"alpha_{4, skl=skilled, occ=routine}, a_{1,2}, quadratic, x 1e3",4.670945986,4.6687424,0.046047551,4.668497011,-0.047854564,-0.053183609,0.528333333,-4.72E-04,-5.24E-04,0.009862945,1,1,1,300
b,0.0187,ar_alpha_B102_i3,"alpha_{4, skl=skilled, occ=routine}, a_{1,1}, linear, x 5e1",-1.531716992,-1.537115777,0.061594117,-1.533910382,-0.087650982,-0.035610369,0.538333333,0.003524662,0.001431981,-0.040071228,1,1,1,300
b,0.0187,ar_alpha_B102_i4,"alpha_{4, skl=skilled, occ=routine}, a_{1,0}, intercept, x 1e0",-1.338602268,-1.334878387,0.064475948,-1.332617572,0.057756129,0.092820602,0.445,-0.002781918,-0.004470855,-0.04830099,1,1,1,300
b,0.0187,ar_alpha_B103_i1,"alpha_{4, skl=skilled, occ=analytical}, a_{1,3}, cubic, x 2e4",-1.507044766,-1.505529839,0.081959164,-1.505761951,0.018483924,0.015651879,0.491666667,-0.00100523,-8.51E-04,-0.054438751,1,1,1,300
b,0.0187,ar_alpha_B103_i2,"alpha_{4, skl=skilled, occ=analytical}, a_{1,2}, quadratic, x 1e3",2.345943132,2.345805947,0.065368947,2.346695303,-0.002098629,0.011506559,0.498333333,-5.85E-05,3.21E-04,0.027866306,1,1,1,300
b,0.0187,ar_alpha_B103_i3,"alpha_{4, skl=skilled, occ=analytical}, a_{1,1}, linear, x 5e1",-0.077461202,-0.080589058,0.118303205,-0.077507241,-0.026439323,-3.89E-04,0.501666667,0.040379656,5.94E-04,-1.467980986,1,1,1,300
b,0.0187,ar_alpha_B103_i4,"alpha_{4, skl=skilled, occ=analytical}, a_{1,0}, intercept, x 1e0",-1.146562743,-1.145445512,0.046181116,-1.145100321,0.024192365,0.031667103,0.478333333,-9.74E-04,-0.001275484,-0.040317166,1,1,1,300
b,0.0187,arpie_f_s_i3,"pie_{2, gen=female, skl=skilled}",2.735780077,2.733192245,0.015302084,2.733270859,-0.1691163,-0.163978895,0.578333333,-9.46E-04,-9.17E-04,0.005598613,0,0,0,300
b,0.0187,arpie_f_s_i4,"pie_{3, gen=female, skl=skilled}",0.267472862,0.26472684,0.013243177,0.265499482,-0.20735369,-0.149011086,0.581666667,-0.010266543,-0.007377871,0.050025819,0,0,0,300
b,0.0187,arpie_f_s_i5,"pie_{4, gen=female, skl=skilled}",-8.346601484,-8.348094032,0.020329213,-8.349791091,-0.073418892,-0.156897737,0.571666667,1.79E-04,3.82E-04,-0.002435192,1,1,1,300
b,0.0187,arpie_f_s_i6,"pie_{5, gen=female, skl=skilled}",-1.150453134,-1.150691888,0.015157669,-1.151881944,-0.015751377,-0.094263199,0.531666667,2.08E-04,0.001241954,-0.013172656,1,1,1,300
b,0.0187,arpie_f_u_i1,"pie_{1, gen=female}",11.14864017,11.14493176,0.02093927,11.14387941,-0.177103232,-0.227360569,0.588333333,-3.33E-04,-4.27E-04,0.001878815,0,0,0,300
b,0.0187,arpie_f_u_i3,"pie_{2, gen=female, skl=unskilled}",-0.256626255,-0.256361536,0.01208798,-0.257066636,0.02189933,-0.036431265,0.518333333,-0.001031534,0.001716038,-0.047152082,1,1,1,300
b,0.0187,arpie_f_u_i4,"pie_{3, gen=female, skl=unskilled}",-0.265065472,-0.26494564,0.011993583,-0.265123539,0.009991369,-0.004841517,0.501666667,-4.52E-04,2.19E-04,-0.045268089,1,1,1,300
b,0.0187,arpie_f_u_i5,"pie_{4, gen=female, skl=unskilled}",-2.07434134,-2.076649596,0.014989531,-2.075958011,-0.153991188,-0.107853342,0.548333333,0.001112766,7.79E-04,-0.007218132,0,0,0,300
b,0.0187,arpie_f_u_i6,"pie_{5, gen=female, skl=unskilled}",-0.51367892,-0.511937631,0.028264652,-0.513663868,0.061606566,5.33E-04,0.501666667,-0.003389838,-2.93E-05,-0.055211125,1,1,1,300
b,0.0187,arpie_k_s_i3,"pie_{2, gen=male, skl=skilled}",-0.043897209,-0.048890492,0.016826551,-0.046228612,-0.296750257,-0.138554973,0.605,0.113749445,0.053110489,-0.344168154,0,0,0,300
b,0.0187,arpie_k_s_i4,"pie_{3, gen=male, skl=skilled}",0.915581206,0.912156562,0.010011979,0.913416275,-0.34205464,-0.216234051,0.635,-0.003740404,-0.002364543,0.010976163,0,0,0,300
b,0.0187,arpie_k_s_i5,"pie_{4, gen=male, skl=skilled}",-3.030644866,-3.032637877,0.008742068,-3.032347718,-0.227979321,-0.194788263,0.585,6.58E-04,5.62E-04,-0.002882662,0,0,0,300
b,0.0187,arpie_k_s_i6,"pie_{5, gen=male, skl=skilled}",1.102477478,1.102542101,0.011163069,1.101835229,0.005788971,-0.057533363,0.541666667,5.86E-05,-5.83E-04,0.010124846,1,1,1,300
b,0.0187,arpie_k_u_i1,"pie_{1, gen=male}",2.445618775,2.4424015,0.009165401,2.442133652,-0.351023864,-0.380247787,0.611666667,-0.001315526,-0.001425048,0.003752619,0,0,0,300
b,0.0187,arpie_k_u_i3,"pie_{2, gen=male, skl=unskilled}",-2.280379071,-2.281194413,0.014029423,-2.281532253,-0.058116545,-0.082197348,0.535,3.58E-04,5.06E-04,-0.006150034,1,1,1,300
b,0.0187,arpie_k_u_i4,"pie_{3, gen=male, skl=unskilled}",3.017425831,3.01732239,0.011781927,3.017601751,-0.008779662,0.01493132,0.495,-3.43E-05,5.83E-05,0.003904762,1,1,1,300
b,0.0187,arpie_k_u_i5,"pie_{4, gen=male, skl=unskilled}",0.844966684,0.843655129,0.018428841,0.844201177,-0.071168599,-0.041538509,0.528333333,-0.001552197,-9.06E-04,0.021844045,1,1,1,300
b,0.0187,arpie_k_u_i6,"pie_{5, gen=male, skl=unskilled}",0.711896149,0.711967517,0.011955925,0.711699034,0.005969316,-0.01648678,0.508333333,1.00E-04,-2.77E-04,0.016792796,1,1,1,300
b,0.0187,arpsi0_f_s_i2,"psi_{gen=female, skl=skilled, occ=routine}",1.159025258,1.158067008,0.005803236,1.158089975,-0.165123409,-0.161165845,0.585,-8.27E-04,-8.07E-04,0.00501114,0,0,0,300
b,0.0187,arpsi0_f_s_i3,"psi_{gen=female, skl=skilled, occ=analytical}",2.193653215,2.192118354,0.006490343,2.192222137,-0.236483869,-0.2204936,0.611666667,-7.00E-04,-6.52E-04,0.002960763,0,0,0,300
b,0.0187,arpsi0_f_u_i1,"psi_{gen=female, skl=unskilled, occ=manual}",7.371468182,7.370713128,0.012601586,7.370065223,-0.059917348,-0.111331921,0.548333333,-1.02E-04,-1.90E-04,0.001709683,1,1,1,300
b,0.0187,arpsi0_f_u_i2,"psi_{gen=female, skl=unskilled, occ=routine}",6.541860619,6.542949721,0.011980677,6.542800809,0.090904933,0.078475552,0.478333333,1.66E-04,1.44E-04,0.001831082,1,1,1,300
b,0.0187,arpsi0_f_u_i3,"psi_{gen=female, skl=unskilled, occ=analytical}",6.308123091,6.309441567,0.012090912,6.309293359,0.109046861,0.096788998,0.485,2.09E-04,1.86E-04,0.00191632,0,1,1,300
b,0.0187,arpsi0_k_s_i2,"psi_{gen=male, skl=skilled, occ=routine}",0.429599619,0.427802451,0.004342712,0.427916809,-0.413835406,-0.387502262,0.681666667,-0.004183355,-0.00391716,0.010151208,0,0,0,300
b,0.0187,arpsi0_k_s_i3,"psi_{gen=male, skl=skilled, occ=analytical}",1.349371273,1.347200494,0.006584819,1.34744874,-0.329664048,-0.291964373,0.645,-0.001608733,-0.001424762,0.004887779,0,0,0,300
b,0.0187,arpsi0_k_u_i1,"psi_{gen=male, skl=unskilled, occ=manual}",6.692593744,6.693091414,0.010513485,6.692584248,0.047336324,-9.03E-04,0.501666667,7.44E-05,-1.42E-06,0.001570797,1,1,1,300
b,0.0187,arpsi0_k_u_i2,"psi_{gen=male, skl=unskilled, occ=routine}",6.242917024,6.243750532,0.010313989,6.243845879,0.080813317,0.090057743,0.455,1.34E-04,1.49E-04,0.00165189,1,1,1,300
b,0.0187,arpsi0_k_u_i3,"psi_{gen=male, skl=unskilled, occ=analytical}",5.066103107,5.064946641,0.010904014,5.065260989,-0.106058766,-0.077230133,0.535,-2.28E-04,-1.66E-04,0.002152839,0,1,1,300
b,0.0187,fl_yzagg_y1989,Y_{1989}/Z_{1989},1.490444056,1.497422328,0.026563387,1.496673326,0.262702648,0.23450588,0.391666667,0.004682009,0.004179473,0.017739409,0,0,0,300
b,0.0187,fl_yzagg_y1992,Y_{1992}/Z_{1992},1.459551865,1.466490567,0.024245212,1.46502717,0.286188574,0.22583036,0.418333333,0.004753995,0.00375136,0.016532811,0,0,0,300
b,0.0187,fl_yzagg_y1994,Y_{1994}/Z_{1994},1.649741531,1.654955147,0.023362458,1.652710935,0.223162152,0.127101534,0.455,0.003160263,0.001799921,0.014116672,0,0,0,300
b,0.0187,fl_yzagg_y1996,Y_{1996}/Z_{1996},1.768377143,1.775521942,0.022351321,1.774883623,0.319658895,0.291100439,0.365,0.004040314,0.003679351,0.012588592,0,0,0,300
b,0.0187,fl_yzagg_y1998,Y_{1998}/Z_{1998},1.801688125,1.805298996,0.024926095,1.802504172,0.144863084,0.032738629,0.485,0.00200416,4.53E-04,0.013807184,0,0,1,300
b,0.0187,fl_yzagg_y2000,Y_{2000}/Z_{2000},2.060046432,2.061616054,0.020946452,2.061745271,0.074934997,0.08110392,0.471666667,7.62E-04,8.25E-04,0.01016021,1,1,1,300
b,0.0187,fl_yzagg_y2002,Y_{2002}/Z_{2002},2.059655661,2.063855756,0.021684876,2.061845463,0.193687752,0.100982917,0.438333333,0.002039222,0.001063188,0.010506973,0,0,0,300
b,0.0187,fl_yzagg_y2004,Y_{2004}/Z_{2004},2.280874779,2.283104707,0.023894867,2.282422832,0.093322485,0.064786026,0.475,9.78E-04,6.79E-04,0.010465953,1,1,1,300
b,0.0187,fl_yzagg_y2005,Y_{2005}/Z_{2005},2.339081078,2.340728296,0.023775004,2.340600423,0.069283607,0.063905136,0.468333333,7.04E-04,6.50E-04,0.010157097,1,1,1,300
b,0.0187,fl_yzagg_y2008,Y_{2008}/Z_{2008},2.490220342,2.492314113,0.024536791,2.492464065,0.085331901,0.091443182,0.448333333,8.41E-04,9.01E-04,0.009844983,1,1,1,300
b,0.0187,fl_yzagg_y2010,Y_{2010}/Z_{2010},2.715281756,2.716599811,0.026395472,2.716618637,0.049934878,0.050648124,0.465,4.85E-04,4.92E-04,0.009716364,1,1,1,300
b,0.0187,fl_yzagg_y2012,Y_{2012}/Z_{2012},2.822444535,2.824793533,0.027491902,2.824704529,0.085443267,0.082205785,0.448333333,8.32E-04,8.01E-04,0.009732358,1,1,1,300
b,0.0187,fl_yzagg_y2014,Y_{2014}/Z_{2014},2.870940261,2.872652518,0.021869447,2.871078255,0.078294461,0.006309901,0.488333333,5.96E-04,4.81E-05,0.00761298,1,1,1,300
b,0.0187,nest1,rho_{1},0.031410541,-0.101150161,0.565088409,-0.017666739,-0.234584005,-0.086848852,0.551666667,-0.120383856,-0.048225296,-5.586628848,0,0,0,300
b,0.0187,nest10,"rho_{3, occ=manual}",0.73852019,0.736141025,0.041881384,0.740623578,-0.056807221,0.050222504,0.471666667,-0.009016805,0.008109403,0.056893154,1,1,1,300
b,0.0187,nest1112,"rho_{4, occ=manual}",0.083519175,0.091079795,0.058091609,0.088456402,0.130149947,0.084990363,0.468333333,0.008318244,0.005416337,0.637810061,0,0,1,300
b,0.0187,nest2,rho_{2},-0.154375145,-0.237959004,0.525528833,-0.096182368,-0.159047141,0.110731845,0.435,-0.067517469,0.053086767,-2.208484761,0,0,0,300
b,0.0187,nest20,"rho_{3, occ=routine}",0.300517472,0.298335585,0.047593022,0.29839474,-0.045844682,-0.044601759,0.518333333,-0.003109588,-0.003025537,0.159528478,1,1,1,300
b,0.0187,nest2122,"rho_{4, occ=routine}",0.21768748,0.223152775,0.090259513,0.227951356,0.060550898,0.113715171,0.451666667,0.007035224,0.013294338,0.404474079,1,1,1,300
b,0.0187,nest30,"rho_{3, occ=analytical}",0.302314691,0.194411163,0.437753203,0.259327759,-0.246493977,-0.098199012,0.541666667,-0.133943673,-0.058037725,2.251687587,0,0,0,300
b,0.0187,nest3132,"rho_{4, occ=analytical}",0.659790692,0.661271985,0.055867733,0.662830605,0.02651428,0.05441267,0.478333333,0.004373104,0.00901598,0.084485256,1,1,1,300
b,0.0187,psi1,psi_1,0.966076618,0.96688989,0.00812713,0.967253228,0.100068834,0.144775555,0.455,8.42E-04,0.001217926,0.008405435,0,1,1,300
c,0.0466,ar_alpha_A001_i1,"alpha_{3, occ=manual), a_{1,3}, cubic, x 2e4",2.679377711,2.680983815,0.186377363,2.687806763,0.008617484,0.045225724,0.467905405,5.99E-04,0.003145899,0.069518272,1,1,1,296
c,0.0466,ar_alpha_A001_i2,"alpha_{3, occ=manual), a_{1,2}, quadratic, x 1e3",-5.618613202,-5.619172035,0.105384348,-5.624469895,-0.005302805,-0.055574604,0.532094595,9.95E-05,0.001042373,-0.018754426,1,1,1,296
c,0.0466,ar_alpha_A001_i3,"alpha_{3, occ=manual), a_{1,1}, linear, x 5e1",3.428552835,3.432144585,0.238531235,3.439398838,0.015057775,0.045469947,0.481418919,0.001047599,0.003163435,0.06949918,1,1,1,296
c,0.0466,ar_alpha_A001_i4,"alpha_{3, occ=manual), a_{1,0}, intercept, x 1e0",-1.009651977,-1.023084509,0.202760086,-0.987334781,-0.066248401,0.110067011,0.444256757,0.01330412,-0.022103851,-0.198185081,1,1,1,296
c,0.0466,ar_alpha_A002_i1,"alpha_{3, occ=routine), a_{1,3}, cubic, x 2e4",3.434248194,3.42048516,0.194021508,3.424997703,-0.070935607,-0.047677655,0.521959459,-0.004007583,-0.0026936,0.056723388,1,1,1,296
c,0.0466,ar_alpha_A002_i2,"alpha_{3, occ=routine), a_{1,2}, quadratic, x 1e3",-7.925273654,-7.913221647,0.144771356,-7.919936616,0.083248563,0.036865294,0.471283784,-0.001520706,-6.73E-04,-0.018294869,1,1,1,296
c,0.0466,ar_alpha_A002_i3,"alpha_{3, occ=routine), a_{1,1}, linear, x 5e1",5.772406278,5.799687903,0.227856692,5.795945268,0.119731505,0.103306116,0.410472973,0.004726214,0.004077847,0.039287751,0,0,1,296
c,0.0466,ar_alpha_A002_i4,"alpha_{3, occ=routine), a_{1,0}, intercept, x 1e0",-1.556836872,-1.589614771,0.212422441,-1.573666039,-0.154305257,-0.079224995,0.552364865,0.021054164,0.010809846,-0.133631396,0,0,0,296
c,0.0466,ar_alpha_A003_i1,"alpha_{3, occ=analytical), a_{1,3}, cubic, x 2e4",1.387318589,1.302013117,0.42987183,1.362323981,-0.198443969,-0.058144325,0.545608108,-0.061489461,-0.018016487,0.330159369,0,0,0,296
c,0.0466,ar_alpha_A003_i2,"alpha_{3, occ=analytical), a_{1,2}, quadratic, x 1e3",-3.117627993,-3.045795222,0.614048138,-3.109466692,0.116982312,0.013290978,0.494932432,-0.023040841,-0.002617792,-0.201605194,0,0,1,296
c,0.0466,ar_alpha_A003_i3,"alpha_{3, occ=analytical), a_{1,1}, linear, x 5e1",2.150460282,2.467536963,0.67957109,2.272374812,0.466583535,0.17939923,0.393581081,0.14744596,0.056692296,0.275404624,0,0,0,296
c,0.0466,ar_alpha_A003_i4,"alpha_{3, occ=analytical), a_{1,0}, intercept, x 1e0",-0.611094607,-0.744155416,0.286020234,-0.647840477,-0.46521467,-0.128472975,0.576013514,0.21774175,0.06013123,-0.38435551,0,0,0,296
c,0.0466,ar_alpha_AA01_i1,"alpha_{2}, a_{1,3}, cubic, x 2e4",0.67344459,0.60239542,0.348139621,0.678260084,-0.204082403,0.013832077,0.488175676,-0.105501138,0.007150543,0.577925412,0,0,0,296
c,0.0466,ar_alpha_AA01_i2,"alpha_{2}, a_{1,2}, quadratic, x 1e3",-1.978003023,-1.922056419,0.317142839,-1.959654988,0.17640822,0.057854168,0.471283784,-0.028284387,-0.00927604,-0.165001836,0,0,0,296
c,0.0466,ar_alpha_AA01_i3,"alpha_{2}, a_{1,1}, linear, x 5e1",1.830274157,1.938006135,0.358292131,1.856025942,0.300681953,0.071873709,0.467905405,0.058861115,0.014069905,0.184876675,0,0,0,296
c,0.0466,ar_alpha_AA01_i4,"alpha_{2}, a_{1,0}, intercept, x 1e0",-0.714132406,-0.746045592,0.142457074,-0.708176489,-0.224019669,0.041808504,0.467905405,0.044688053,-0.008340074,-0.190949556,0,0,0,296
c,0.0466,ar_alpha_AA02_i1,"alpha_{1}, a_{1,3}, cubic, x 2e4",0.196177129,0.24390796,0.345984799,0.193204757,0.13795644,-0.008591048,0.505067568,0.24330477,-0.01515147,1.418505564,0,0,1,296
c,0.0466,ar_alpha_AA02_i2,"alpha_{1}, a_{1,2}, quadratic, x 1e3",-0.295123825,-0.422031396,0.532228154,-0.356058651,-0.238445806,-0.114490046,0.555743243,0.430014658,0.206472066,-1.261110332,0,0,0,296
c,0.0466,ar_alpha_AA02_i3,"alpha_{1}, a_{1,1}, linear, x 5e1",0.07863316,0.019642378,0.477238822,0.056533206,-0.123608514,-0.046307956,0.525337838,-0.750202355,-0.28105133,24.29638709,0,0,1,296
c,0.0466,ar_alpha_AA02_i4,"alpha_{1}, a_{1,0}, intercept, x 1e0",-0.673010934,-0.588991115,0.232998928,-0.652219276,0.36060174,0.089234993,0.451013514,-0.124841684,-0.030893492,-0.395589885,0,0,0,296
c,0.0466,ar_alpha_B001_i1,"alpha_{4, skl=unskilled, occ=manual}, a_{1,3}, cubic, x 2e4",1.422690904,1.436307039,0.188491962,1.432679751,0.072237221,0.052993492,0.454391892,0.009570691,0.007021095,0.131233752,1,1,1,296
c,0.0466,ar_alpha_B001_i2,"alpha_{4, skl=unskilled, occ=manual}, a_{1,2}, quadratic, x 1e3",-3.176895726,-3.192522775,0.17876728,-3.189609831,-0.087415596,-0.07112098,0.548986486,0.004918968,0.004002053,-0.055995616,1,1,1,296
c,0.0466,ar_alpha_B001_i3,"alpha_{4, skl=unskilled, occ=manual}, a_{1,1}, linear, x 5e1",2.320507591,2.300698466,0.212449485,2.305785419,-0.09324158,-0.069297285,0.525337838,-0.008536549,-0.006344376,0.092341299,1,1,1,296
c,0.0466,ar_alpha_B001_i4,"alpha_{4, skl=unskilled, occ=manual}, a_{1,0}, intercept, x 1e0",-1.333793435,-1.313156101,0.08616178,-1.322425408,0.239518432,0.131938166,0.440878378,-0.015472662,-0.008523079,-0.065614271,0,0,0,296
c,0.0466,ar_alpha_B002_i1,"alpha_{4, skl=unskilled, occ=routine}, a_{1,3}, cubic, x 2e4",1.555099559,1.56005754,0.184426156,1.566284954,0.026883285,0.060649722,0.467905405,0.003188208,0.00719272,0.118217535,1,1,1,296
c,0.0466,ar_alpha_B002_i2,"alpha_{4, skl=unskilled, occ=routine}, a_{1,2}, quadratic, x 1e3",-3.22337033,-3.221706895,0.167777259,-3.232299752,0.009914544,-0.053221882,0.525337838,-5.16E-04,0.002770213,-0.052077133,1,1,1,296
c,0.0466,ar_alpha_B002_i3,"alpha_{4, skl=unskilled, occ=routine}, a_{1,1}, linear, x 5e1",1.837744377,1.823624644,0.213880191,1.81045123,-0.066017021,-0.127609513,0.579391892,-0.007683187,-0.014851438,0.117283012,1,1,1,296
c,0.0466,ar_alpha_B002_i4,"alpha_{4, skl=unskilled, occ=routine}, a_{1,0}, intercept, x 1e0",-1.136144343,-1.121897138,0.135383964,-1.123165772,0.105235544,0.095864904,0.454391892,-0.01253996,-0.011423347,-0.120674133,0,1,1,296
c,0.0466,ar_alpha_B003_i1,"alpha_{4, skl=unskilled, occ=analytical}, a_{1,3}, cubic, x 2e4",0.860439383,0.852846211,0.194132826,0.867616161,-0.039113278,0.036968393,0.481418919,-0.00882476,0.00834083,0.227629347,1,1,1,296
c,0.0466,ar_alpha_B003_i2,"alpha_{4, skl=unskilled, occ=analytical}, a_{1,2}, quadratic, x 1e3",-1.889260265,-1.887041506,0.252919628,-1.883946596,0.008772583,0.021009319,0.494932432,-0.001174406,-0.002812566,-0.134029711,1,1,1,296
c,0.0466,ar_alpha_B003_i3,"alpha_{4, skl=unskilled, occ=analytical}, a_{1,1}, linear, x 5e1",1.249766919,1.265020923,0.247159274,1.25086097,0.061717301,0.004426501,0.498310811,0.012205478,8.75E-04,0.195379594,1,1,1,296
c,0.0466,ar_alpha_B003_i4,"alpha_{4, skl=unskilled, occ=analytical}, a_{1,0}, intercept, x 1e0",-0.873679145,-0.876672857,0.040193593,-0.873830358,-0.074482334,-0.003762129,0.505067568,0.003426558,1.73E-04,-0.045847881,1,1,1,296
c,0.0466,ar_alpha_B101_i1,"alpha_{4, skl=skilled, occ=manual}, a_{1,3}, cubic, x 2e4",-0.353680295,-0.370455624,0.115889384,-0.367892753,-0.144752939,-0.122638134,0.552364865,0.047430771,0.040184477,-0.312829328,0,0,1,296
c,0.0466,ar_alpha_B101_i2,"alpha_{4, skl=skilled, occ=manual}, a_{1,2}, quadratic, x 1e3",-1.110152766,-1.129451667,0.083326858,-1.123364685,-0.231604812,-0.158555345,0.589527027,0.017384005,0.011900992,-0.073776382,0,0,0,296
c,0.0466,ar_alpha_B101_i3,"alpha_{4, skl=skilled, occ=manual}, a_{1,1}, linear, x 5e1",5.22595563,5.211926176,0.052107768,5.214895494,-0.269239203,-0.212255023,0.609797297,-0.002684572,-0.002116385,0.009997795,0,0,0,296
c,0.0466,ar_alpha_B101_i4,"alpha_{4, skl=skilled, occ=manual}, a_{1,0}, intercept, x 1e0",-2.852389908,-2.801681228,0.201395775,-2.814919657,0.251786218,0.186052816,0.420608108,-0.017777612,-0.013136441,-0.071883901,0,0,0,296
c,0.0466,ar_alpha_B102_i1,"alpha_{4, skl=skilled, occ=routine}, a_{1,3}, cubic, x 2e4",-2.018902495,-2.012165289,0.121758448,-2.008604999,0.055332561,0.084573156,0.471283784,-0.003337064,-0.005100542,-0.060511156,1,1,1,296
c,0.0466,ar_alpha_B102_i2,"alpha_{4, skl=skilled, occ=routine}, a_{1,2}, quadratic, x 1e3",4.6709668,4.656236069,0.109199148,4.660682685,-0.13489786,-0.094177612,0.532094595,-0.003153679,-0.00220171,0.023452236,0,0,1,296
c,0.0466,ar_alpha_B102_i3,"alpha_{4, skl=skilled, occ=routine}, a_{1,1}, linear, x 5e1",-1.531721991,-1.560178246,0.165987039,-1.54424042,-0.171436608,-0.075418113,0.565878378,0.01857795,0.008172782,-0.106389792,0,0,0,296
c,0.0466,ar_alpha_B102_i4,"alpha_{4, skl=skilled, occ=routine}, a_{1,0}, intercept, x 1e0",-1.338583521,-1.318792445,0.151422304,-1.322816516,0.1307012,0.104126047,0.467905405,-0.014785089,-0.011778873,-0.114818904,0,0,1,296
c,0.0466,ar_alpha_B103_i1,"alpha_{4, skl=skilled, occ=analytical}, a_{1,3}, cubic, x 2e4",-1.507022708,-1.51289698,0.208485583,-1.508702944,-0.028175915,-0.008059243,0.505067568,0.003897932,0.001114937,-0.137805539,1,1,1,296
c,0.0466,ar_alpha_B103_i2,"alpha_{4, skl=skilled, occ=analytical}, a_{1,2}, quadratic, x 1e3",2.345911696,2.356243648,0.170755353,2.346924561,0.06050734,0.005931673,0.498310811,0.004404238,4.32E-04,0.072469311,1,1,1,296
c,0.0466,ar_alpha_B103_i3,"alpha_{4, skl=skilled, occ=analytical}, a_{1,1}, linear, x 5e1",-0.077458833,-0.062834276,0.318381436,-0.088571932,0.045934074,-0.034904986,0.518581081,-0.188804246,0.143471043,-5.067002529,1,1,1,296
c,0.0466,ar_alpha_B103_i4,"alpha_{4, skl=skilled, occ=analytical}, a_{1,0}, intercept, x 1e0",-1.14656795,-1.155120545,0.125203708,-1.146003428,-0.068309441,0.004508824,0.498310811,0.007459301,-4.92E-04,-0.108390166,1,1,1,296
c,0.0466,arpie_f_s_i3,"pie_{2, gen=female, skl=skilled}",2.735765164,2.718184599,0.056630739,2.725173295,-0.310442102,-0.187033923,0.619932432,-0.006426197,-0.00387163,0.02083403,0,0,0,296
c,0.0466,arpie_f_s_i4,"pie_{3, gen=female, skl=skilled}",0.267468899,0.255135431,0.033114018,0.257728425,-0.37245457,-0.294149556,0.623310811,-0.046111782,-0.03641722,0.129789964,0,0,0,296
c,0.0466,arpie_f_s_i5,"pie_{4, gen=female, skl=skilled}",-8.346660275,-8.350199298,0.03805831,-8.353400897,-0.09298949,-0.177113018,0.565878378,4.24E-04,8.08E-04,-0.004557773,1,1,1,296
c,0.0466,arpie_f_s_i6,"pie_{5, gen=female, skl=skilled}",-1.150463817,-1.148964498,0.037673799,-1.152131083,0.039797391,-0.04425534,0.525337838,-0.00130323,0.001449213,-0.03278935,1,1,1,296
c,0.0466,arpie_f_u_i1,"pie_{1, gen=female}",11.14842514,11.13805774,0.032595001,11.13990176,-0.318067032,-0.26149354,0.646959459,-9.30E-04,-7.65E-04,0.002926453,0,0,0,296
c,0.0466,arpie_f_u_i3,"pie_{2, gen=female, skl=unskilled}",-0.256628482,-0.25016737,0.044769982,-0.249285921,0.144317964,0.16400636,0.400337838,-0.025176912,-0.02861164,-0.178960119,0,0,1,296
c,0.0466,arpie_f_u_i4,"pie_{3, gen=female, skl=unskilled}",-0.265067356,-0.262526771,0.022497802,-0.263168977,0.112925915,0.084380628,0.434121622,-0.009584676,-0.007161873,-0.085697171,0,1,1,296
c,0.0466,arpie_f_u_i5,"pie_{4, gen=female, skl=unskilled}",-2.07431899,-2.084033947,0.049114933,-2.083618728,-0.197800474,-0.189346443,0.592905405,0.004683444,0.004483273,-0.023567242,0,0,0,296
c,0.0466,arpie_f_u_i6,"pie_{5, gen=female, skl=unskilled}",-0.513660747,-0.51363682,0.083426897,-0.514580542,2.87E-04,-0.011025158,0.505067568,-4.66E-05,0.001790666,-0.162423904,1,1,1,296
c,0.0466,arpie_k_s_i3,"pie_{2, gen=male, skl=skilled}",-0.043897349,-0.063923567,0.051662639,-0.05493747,-0.387634442,-0.213696418,0.636824324,0.456205645,0.251498581,-0.808193933,0,0,0,296
c,0.0466,arpie_k_s_i4,"pie_{3, gen=male, skl=skilled}",0.915570617,0.895838704,0.027223064,0.898264527,-0.724823352,-0.635714249,0.778716216,-0.021551491,-0.018901971,0.030388354,0,0,0,296
c,0.0466,arpie_k_s_i5,"pie_{4, gen=male, skl=skilled}",-3.030718397,-3.046953046,0.020255368,-3.046038396,-0.801498597,-0.756342659,0.805743243,0.0053567,0.005054907,-0.006647745,0,0,0,296
c,0.0466,arpie_k_s_i6,"pie_{5, gen=male, skl=skilled}",1.102478163,1.094826425,0.031412899,1.094585708,-0.243585865,-0.25124885,0.643581081,-0.00694049,-0.007158831,0.028692127,0,0,0,296
c,0.0466,arpie_k_u_i1,"pie_{1, gen=male}",2.445687669,2.42095195,0.021969403,2.421774041,-1.125916757,-1.088496953,0.896959459,-0.010114014,-0.009777875,0.009074696,0,0,0,296
c,0.0466,arpie_k_u_i3,"pie_{2, gen=male, skl=unskilled}",-2.280470273,-2.285015455,0.043178346,-2.285171864,-0.105265294,-0.108887692,0.5625,0.001993089,0.002061676,-0.018896304,0,1,1,296
c,0.0466,arpie_k_u_i4,"pie_{3, gen=male, skl=unskilled}",3.017466918,3.012936061,0.028776984,3.01239931,-0.157447247,-0.17609933,0.572635135,-0.001501543,-0.001679424,0.009551143,0,0,0,296
c,0.0466,arpie_k_u_i5,"pie_{4, gen=male, skl=unskilled}",0.84496867,0.836086426,0.057522975,0.839036304,-0.154412125,-0.10313038,0.565878378,-0.010511922,-0.007020812,0.068800273,0,0,0,296
c,0.0466,arpie_k_u_i6,"pie_{5, gen=male, skl=unskilled}",0.711872021,0.716106704,0.032161947,0.711986829,0.131667493,0.00356967,0.501689189,0.005948658,1.61E-04,0.044912228,0,0,1,296
c,0.0466,arpsi0_f_s_i2,"psi_{gen=female, skl=skilled, occ=routine}",1.1589985,1.157376054,0.021167891,1.156657985,-0.076646537,-0.110569122,0.572635135,-0.001399869,-0.002019429,0.018289554,1,1,1,296
c,0.0466,arpsi0_f_s_i3,"psi_{gen=female, skl=skilled, occ=analytical}",2.193618649,2.191412927,0.025622144,2.189600062,-0.086086562,-0.156840383,0.572635135,-0.001005518,-0.001831944,0.011692066,1,1,1,296
c,0.0466,arpsi0_f_u_i1,"psi_{gen=female, skl=unskilled, occ=manual}",7.371262286,7.368921387,0.021280244,7.36964761,-0.110003404,-0.075876757,0.545608108,-3.18E-04,-2.19E-04,0.002887837,0,1,1,296
c,0.0466,arpsi0_f_u_i2,"psi_{gen=female, skl=unskilled, occ=routine}",6.541709875,6.544778272,0.017958159,6.543964883,0.170863696,0.125570103,0.45777027,4.69E-04,3.45E-04,0.002743891,0,0,0,296
c,0.0466,arpsi0_f_u_i3,"psi_{gen=female, skl=unskilled, occ=analytical}",6.307868434,6.316191243,0.019797272,6.315025583,0.42040179,0.361521965,0.342905405,0.001319433,0.001134638,0.003134369,0,0,0,296
c,0.0466,arpsi0_k_s_i2,"psi_{gen=male, skl=skilled, occ=routine}",0.429595288,0.422714669,0.016820036,0.42212238,-0.409072824,-0.444286132,0.663851351,-0.016016516,-0.01739523,0.039790519,0,0,0,296
c,0.0466,arpsi0_k_s_i3,"psi_{gen=male, skl=skilled, occ=analytical}",1.349430818,1.342878969,0.024081034,1.340985708,-0.272075084,-0.350695513,0.657094595,-0.004855269,-0.006258276,0.017932393,0,0,0,296
c,0.0466,arpsi0_k_u_i1,"psi_{gen=male, skl=unskilled, occ=manual}",6.692749034,6.691411544,0.014269375,6.691285139,-0.093731545,-0.102590038,0.538851351,-2.00E-04,-2.19E-04,0.002132491,1,1,1,296
c,0.0466,arpsi0_k_u_i2,"psi_{gen=male, skl=unskilled, occ=routine}",6.242995892,6.243941756,0.01319743,6.244273518,0.071670385,0.096808736,0.451013514,1.52E-04,2.05E-04,0.002113638,1,1,1,296
c,0.0466,arpsi0_k_u_i3,"psi_{gen=male, skl=unskilled, occ=analytical}",5.065981496,5.072097638,0.01931629,5.072142725,0.31663131,0.31896549,0.380067568,0.001207297,0.001216197,0.003808343,0,0,0,296
c,0.0466,fl_yzagg_y1989,Y_{1989}/Z_{1989},1.490409384,1.523806465,0.078120662,1.50958565,0.427506371,0.245469838,0.393581081,0.022407991,0.012866442,0.051266787,0,0,0,296
c,0.0466,fl_yzagg_y1992,Y_{1992}/Z_{1992},1.459594538,1.486439541,0.068906639,1.474549855,0.389585157,0.217037396,0.427364865,0.018392097,0.010246214,0.046356839,0,0,0,296
c,0.0466,fl_yzagg_y1994,Y_{1994}/Z_{1994},1.649719802,1.671554728,0.066165386,1.657607824,0.330005258,0.119216736,0.41722973,0.013235536,0.004781431,0.039583141,0,0,0,296
c,0.0466,fl_yzagg_y1996,Y_{1996}/Z_{1996},1.768354867,1.792389133,0.064183978,1.785553846,0.374458959,0.267963741,0.373310811,0.013591314,0.009725977,0.035809176,0,0,0,296
c,0.0466,fl_yzagg_y1998,Y_{1998}/Z_{1998},1.801660427,1.815741656,0.069083956,1.806980256,0.20382777,0.077005276,0.474662162,0.007815695,0.002952737,0.038047238,0,0,0,296
c,0.0466,fl_yzagg_y2000,Y_{2000}/Z_{2000},2.060001946,2.069032276,0.063474431,2.059849924,0.142267213,-0.002395013,0.501689189,0.004383651,-7.38E-05,0.030678318,0,0,1,296
c,0.0466,fl_yzagg_y2002,Y_{2002}/Z_{2002},2.059705103,2.074301658,0.061596947,2.066627579,0.236968816,0.112383429,0.440878378,0.007086721,0.003360906,0.02969527,0,0,0,296
c,0.0466,fl_yzagg_y2004,Y_{2004}/Z_{2004},2.280877856,2.290547643,0.065386196,2.281305203,0.14788729,0.006535742,0.494932432,0.004239502,1.87E-04,0.028546097,0,0,1,296
c,0.0466,fl_yzagg_y2005,Y_{2005}/Z_{2005},2.339102207,2.345645502,0.061903613,2.34175223,0.105701337,0.042808852,0.474662162,0.002797353,0.001132923,0.026390865,0,1,1,296
c,0.0466,fl_yzagg_y2008,Y_{2008}/Z_{2008},2.490214718,2.495432509,0.065218501,2.489863071,0.080004757,-0.00539183,0.501689189,0.002095317,-1.41E-04,0.026135149,1,1,1,296
c,0.0466,fl_yzagg_y2010,Y_{2010}/Z_{2010},2.715295495,2.718768344,0.070804036,2.714253965,0.049048745,-0.014710044,0.521959459,0.001278995,-3.84E-04,0.026042688,1,1,1,296
c,0.0466,fl_yzagg_y2012,Y_{2012}/Z_{2012},2.822384684,2.828639693,0.072628896,2.823254123,0.086122871,0.011970981,0.498310811,0.002216214,3.08E-04,0.025676263,1,1,1,296
c,0.0466,fl_yzagg_y2014,Y_{2014}/Z_{2014},2.870925767,2.876494683,0.061480077,2.869173177,0.090580829,-0.028506639,0.521959459,0.001939763,-6.10E-04,0.021373263,1,1,1,296
c,0.0466,nest1,rho_{1},0.031410541,-0.847197773,2.185074801,-0.096667789,-0.402095303,-0.058615078,0.552364865,-0.475643879,-0.116788631,-2.579179113,0,0,0,296
c,0.0466,nest10,"rho_{3, occ=manual}",0.73852019,0.737986357,0.10456556,0.755205135,-0.005105247,0.159564443,0.427364865,-0.002037424,0.068158886,0.14169037,1,1,1,296
c,0.0466,nest1112,"rho_{4, occ=manual}",0.083519175,0.120606987,0.138738531,0.104337432,0.267321639,0.150053894,0.440878378,0.042174331,0.023243415,1.150335773,0,0,0,296
c,0.0466,nest2,rho_{2},-0.154375145,-1.463275796,13.89931486,-0.084668016,-0.094170156,0.005015149,0.451013514,-0.531365856,0.064265865,-9.498766325,1,1,1,296
c,0.0466,nest20,"rho_{3, occ=routine}",0.300517472,0.286203353,0.123862754,0.28967337,-0.11556435,-0.087549333,0.538851351,-0.020053497,-0.015266359,0.432778837,0,0,1,296
c,0.0466,nest2122,"rho_{4, occ=routine}",0.21768748,0.247025832,0.207511119,0.245123552,0.14138207,0.132214949,0.461148649,0.038963291,0.036345116,0.840038135,0,0,1,296
c,0.0466,nest30,"rho_{3, occ=analytical}",0.302314691,-0.142019888,1.042907508,0.150382517,-0.426053677,-0.145681351,0.565878378,-0.389077794,-0.178824209,-7.343390583,0,0,0,296
c,0.0466,nest3132,"rho_{4, occ=analytical}",0.659790692,0.64925422,0.147719315,0.665177489,-0.071327655,0.036466434,0.494932432,-0.030040197,0.016088514,0.227521533,1,1,1,296
c,0.0466,psi1,psi_1,0.966100989,0.960925933,0.029638645,0.964177428,-0.174605011,-0.06490043,0.532094595,-0.005356641,-0.001991056,0.030843839,0,0,0,296
d,0.075,ar_alpha_A001_i1,"alpha_{3, occ=manual), a_{1,3}, cubic, x 2e4",2.67935116,2.68196251,0.258890117,2.702889566,0.010086712,0.090920451,0.461409396,9.75E-04,0.008785114,0.096530103,1,1,1,298
d,0.075,ar_alpha_A001_i2,"alpha_{3, occ=manual), a_{1,2}, quadratic, x 1e3",-5.618535528,-5.633931625,0.153306672,-5.652413971,-0.10042679,-0.220984789,0.598993289,0.002740233,0.006029764,-0.027211312,0,1,1,298
d,0.075,ar_alpha_A001_i3,"alpha_{3, occ=manual), a_{1,1}, linear, x 5e1",3.428537216,3.446366478,0.330326756,3.428483634,0.053974622,-1.62E-04,0.501677852,0.005200253,-1.56E-05,0.095847832,1,1,1,298
d,0.075,ar_alpha_A001_i4,"alpha_{3, occ=manual), a_{1,0}, intercept, x 1e0",-1.009702616,-1.000705743,0.249425227,-0.928570515,0.036070422,0.325276247,0.384228188,-0.008910419,-0.080352472,-0.249249321,1,1,1,298
d,0.075,ar_alpha_A002_i1,"alpha_{3, occ=routine), a_{1,3}, cubic, x 2e4",3.434331979,3.408584258,0.289249301,3.41509281,-0.089015673,-0.066514142,0.541946309,-0.007497156,-0.005602012,0.084859073,1,1,1,298
d,0.075,ar_alpha_A002_i2,"alpha_{3, occ=routine), a_{1,2}, quadratic, x 1e3",-7.925244708,-7.892216598,0.196569585,-7.915464392,0.168022484,0.049754985,0.461409396,-0.004167456,-0.001234071,-0.024906765,0,0,0,298
d,0.075,ar_alpha_A002_i3,"alpha_{3, occ=routine), a_{1,1}, linear, x 5e1",5.772127151,5.819973487,0.323746864,5.80659259,0.147789342,0.106457986,0.458053691,0.008289203,0.005971012,0.055626862,0,0,1,298
d,0.075,ar_alpha_A002_i4,"alpha_{3, occ=routine), a_{1,0}, intercept, x 1e0",-1.556823493,-1.633804952,0.317287317,-1.604798721,-0.242623813,-0.151204366,0.572147651,0.049447776,0.0308161,-0.194201466,0,0,0,298
d,0.075,ar_alpha_A003_i1,"alpha_{3, occ=analytical), a_{1,3}, cubic, x 2e4",1.387380226,1.274254857,0.611611982,1.321281157,-0.184962643,-0.108073535,0.545302013,-0.081538836,-0.047643081,0.479976183,0,0,0,298
d,0.075,ar_alpha_A003_i2,"alpha_{3, occ=analytical), a_{1,2}, quadratic, x 1e3",-3.117555464,-2.963712164,0.741613253,-3.055733238,0.207444108,0.083361814,0.464765101,-0.049347414,-0.019830353,-0.250231201,0,0,0,298
d,0.075,ar_alpha_A003_i3,"alpha_{3, occ=analytical), a_{1,1}, linear, x 5e1",2.150389767,2.566067903,0.837969049,2.37004351,0.496054283,0.262126319,0.35738255,0.193303624,0.102146014,0.326557629,0,0,0,298
d,0.075,ar_alpha_A003_i4,"alpha_{3, occ=analytical), a_{1,0}, intercept, x 1e0",-0.611088814,-0.819353845,0.389123502,-0.684107929,-0.53521576,-0.18765023,0.622483221,0.340809757,0.119490183,-0.474915086,0,0,0,298
d,0.075,ar_alpha_AA01_i1,"alpha_{2}, a_{1,3}, cubic, x 2e4",0.673413513,0.595079428,0.515512289,0.681217445,-0.151953864,0.015138209,0.491610738,-0.116323897,0.011588619,0.866291564,0,0,0,298
d,0.075,ar_alpha_AA01_i2,"alpha_{2}, a_{1,2}, quadratic, x 1e3",-1.977929134,-1.903276778,0.418115065,-1.960505307,0.178545005,0.041672326,0.478187919,-0.037742685,-0.008809126,-0.219681693,0,0,0,298
d,0.075,ar_alpha_AA01_i3,"alpha_{2}, a_{1,1}, linear, x 5e1",1.830285124,1.951292784,0.478081383,1.862813724,0.253111005,0.06803988,0.451342282,0.066114103,0.017772422,0.245007509,0,0,0,298
d,0.075,ar_alpha_AA01_i4,"alpha_{2}, a_{1,0}, intercept, x 1e0",-0.714133213,-0.734421541,0.197082607,-0.697076257,-0.102943268,0.086547243,0.434563758,0.028409724,-0.023884838,-0.268350799,0,1,1,298
d,0.075,ar_alpha_AA02_i1,"alpha_{1}, a_{1,3}, cubic, x 2e4",0.196185603,0.215931274,0.518440989,0.127256036,0.038086632,-0.132955472,0.552013423,0.100647912,-0.351348752,2.400953694,1,1,1,298
d,0.075,ar_alpha_AA02_i2,"alpha_{1}, a_{1,2}, quadratic, x 1e3",-0.295117312,-0.457657623,0.705249703,-0.36569134,-0.230472003,-0.100069562,0.555369128,0.550765085,0.239138897,-1.540998481,0,0,0,298
d,0.075,ar_alpha_AA02_i3,"alpha_{1}, a_{1,1}, linear, x 5e1",0.078634337,0.052613325,0.556174814,0.100982264,-0.046785671,0.040181479,0.488255034,-0.330911567,0.284200613,10.5709877,1,1,1,298
d,0.075,ar_alpha_AA02_i4,"alpha_{1}, a_{1,0}, intercept, x 1e0",-0.672977995,-0.557582508,0.282832206,-0.643853538,0.407999812,0.10297433,0.464765101,-0.171469926,-0.043276982,-0.507247272,0,0,0,298
d,0.075,ar_alpha_B001_i1,"alpha_{4, skl=unskilled, occ=manual}, a_{1,3}, cubic, x 2e4",1.422661547,1.429389674,0.269288298,1.437917834,0.024984845,0.056654102,0.464765101,0.004729253,0.010723764,0.188393902,1,1,1,298
d,0.075,ar_alpha_B001_i2,"alpha_{4, skl=unskilled, occ=manual}, a_{1,2}, quadratic, x 1e3",-3.176796964,-3.184965892,0.223553038,-3.196888012,-0.036541341,-0.089871506,0.555369128,0.002571435,0.00632431,-0.070190089,1,1,1,298
d,0.075,ar_alpha_B001_i3,"alpha_{4, skl=unskilled, occ=manual}, a_{1,1}, linear, x 5e1",2.320475254,2.293664793,0.324537818,2.290702728,-0.082611207,-0.091738232,0.552013423,-0.011553866,-0.012830357,0.141493133,1,1,1,298
d,0.075,ar_alpha_B001_i4,"alpha_{4, skl=unskilled, occ=manual}, a_{1,0}, intercept, x 1e0",-1.333785319,-1.303114487,0.118199832,-1.313389425,0.259482871,0.172554338,0.451342282,-0.022995329,-0.015291737,-0.090705639,0,0,0,298
d,0.075,ar_alpha_B002_i1,"alpha_{4, skl=unskilled, occ=routine}, a_{1,3}, cubic, x 2e4",1.555093348,1.568326859,0.258136993,1.575369143,0.051265455,0.078546644,0.478187919,0.008509785,0.013038313,0.164593874,1,1,1,298
d,0.075,ar_alpha_B002_i2,"alpha_{4, skl=unskilled, occ=routine}, a_{1,2}, quadratic, x 1e3",-3.223399377,-3.22084405,0.214191676,-3.227030002,0.011930093,-0.016950356,0.511744966,-7.93E-04,0.001126334,-0.066501722,1,1,1,298
d,0.075,ar_alpha_B002_i3,"alpha_{4, skl=unskilled, occ=routine}, a_{1,1}, linear, x 5e1",1.837834146,1.799529628,0.318508429,1.785857678,-0.120262182,-0.163187106,0.582214765,-0.020842206,-0.028281371,0.176995379,0,0,1,298
d,0.075,ar_alpha_B002_i4,"alpha_{4, skl=unskilled, occ=routine}, a_{1,0}, intercept, x 1e0",-1.136179443,-1.100091325,0.168360658,-1.107604667,0.214350062,0.169723593,0.427852349,-0.031762692,-0.025149879,-0.153042437,0,0,0,298
d,0.075,ar_alpha_B003_i1,"alpha_{4, skl=unskilled, occ=analytical}, a_{1,3}, cubic, x 2e4",0.86044401,0.857146639,0.306632372,0.872690701,-0.010753499,0.03993933,0.494966443,-0.003832174,0.014232991,0.357736189,1,1,1,298
d,0.075,ar_alpha_B003_i2,"alpha_{4, skl=unskilled, occ=analytical}, a_{1,2}, quadratic, x 1e3",-1.889335836,-1.894697292,0.331636977,-1.891981923,-0.016166643,-0.007978865,0.508389262,0.002837747,0.001400538,-0.175034281,1,1,1,298
d,0.075,ar_alpha_B003_i3,"alpha_{4, skl=unskilled, occ=analytical}, a_{1,1}, linear, x 5e1",1.249708624,1.2752355,0.399576434,1.249912948,0.063884839,5.11E-04,0.501677852,0.020426262,1.63E-04,0.313335406,1,1,1,298
d,0.075,ar_alpha_B003_i4,"alpha_{4, skl=unskilled, occ=analytical}, a_{1,0}, intercept, x 1e0",-0.873685309,-0.878756781,0.064506247,-0.874579151,-0.078619861,-0.013856679,0.511744966,0.00580469,0.001023071,-0.073406258,1,1,1,298
d,0.075,ar_alpha_B101_i1,"alpha_{4, skl=skilled, occ=manual}, a_{1,3}, cubic, x 2e4",-0.353683372,-0.377787852,0.158322571,-0.370514609,-0.152249175,-0.106309776,0.568791946,0.068152712,0.047588432,-0.419077983,0,0,0,298
d,0.075,ar_alpha_B101_i2,"alpha_{4, skl=skilled, occ=manual}, a_{1,2}, quadratic, x 1e3",-1.110207602,-1.140113711,0.112853765,-1.127327028,-0.264998769,-0.151695661,0.605704698,0.026937402,0.015420023,-0.098984657,0,0,0,298
d,0.075,ar_alpha_B101_i3,"alpha_{4, skl=skilled, occ=manual}, a_{1,1}, linear, x 5e1",5.226015659,5.203765943,0.070660761,5.212800979,-0.314880786,-0.187015812,0.595637584,-0.004257491,-0.002528634,0.013578774,0,0,0,298
d,0.075,ar_alpha_B101_i4,"alpha_{4, skl=skilled, occ=manual}, a_{1,0}, intercept, x 1e0",-2.852375768,-2.775754733,0.266261587,-2.800305559,0.287766014,0.195560349,0.41442953,-0.026862181,-0.018255031,-0.095924032,0,0,0,298
d,0.075,ar_alpha_B102_i1,"alpha_{4, skl=skilled, occ=routine}, a_{1,3}, cubic, x 2e4",-2.018838619,-2.014628306,0.163654401,-2.020699888,0.025726851,-0.011373169,0.508389262,-0.002085512,9.22E-04,-0.08123305,1,1,1,298
d,0.075,ar_alpha_B102_i2,"alpha_{4, skl=skilled, occ=routine}, a_{1,2}, quadratic, x 1e3",4.671035338,4.637563293,0.139092186,4.642755896,-0.240646479,-0.203314383,0.609060403,-0.007165873,-0.006054213,0.029992515,0,0,0,298
d,0.075,ar_alpha_B102_i3,"alpha_{4, skl=skilled, occ=routine}, a_{1,1}, linear, x 5e1",-1.531725291,-1.586475398,0.209133806,-1.554377821,-0.261794626,-0.10831596,0.572147651,0.035744077,0.014788898,-0.131822911,0,0,0,298
d,0.075,ar_alpha_B102_i4,"alpha_{4, skl=skilled, occ=routine}, a_{1,0}, intercept, x 1e0",-1.338602196,-1.292076401,0.195464209,-1.299313072,0.238027181,0.201004181,0.427852349,-0.034756999,-0.029350858,-0.151279142,0,0,0,298
d,0.075,ar_alpha_B103_i1,"alpha_{4, skl=skilled, occ=analytical}, a_{1,3}, cubic, x 2e4",-1.507027149,-1.52565867,0.281433512,-1.515994646,-0.066202213,-0.031863644,0.525167785,0.012363096,0.005950455,-0.184466891,1,1,1,298
d,0.075,ar_alpha_B103_i2,"alpha_{4, skl=skilled, occ=analytical}, a_{1,2}, quadratic, x 1e3",2.345911934,2.375055285,0.223250513,2.347715421,0.130541028,0.008078312,0.501677852,0.012423037,7.69E-04,0.093998028,0,0,1,298
d,0.075,ar_alpha_B103_i3,"alpha_{4, skl=skilled, occ=analytical}, a_{1,1}, linear, x 5e1",-0.07745999,-0.040412875,0.413424807,-0.052890751,0.089610284,0.059428555,0.468120805,-0.478274196,-0.317186191,-10.23002703,1,1,1,298
d,0.075,ar_alpha_B103_i4,"alpha_{4, skl=skilled, occ=analytical}, a_{1,0}, intercept, x 1e0",-1.14656262,-1.167029839,0.169084011,-1.149696437,-0.121047632,-0.018534086,0.518456376,0.017850939,0.002733228,-0.144884051,0,0,1,298
d,0.075,arpie_f_s_i3,"pie_{2, gen=female, skl=skilled}",2.735790084,2.696035587,0.109365854,2.715275064,-0.363500084,-0.187581585,0.649328859,-0.014531267,-0.007498755,0.040565434,0,0,0,298
d,0.075,arpie_f_s_i4,"pie_{3, gen=female, skl=skilled}",0.267472455,0.240839795,0.049760799,0.244817895,-0.535213674,-0.455269219,0.733221477,-0.099571599,-0.084698665,0.20661369,0,0,0,298
d,0.075,arpie_f_s_i5,"pie_{4, gen=female, skl=skilled}",-8.346547566,-8.356092135,0.063786677,-8.36410912,-0.149632654,-0.275316964,0.659395973,0.001143535,0.00210405,-0.007633554,0,0,0,298
d,0.075,arpie_f_s_i6,"pie_{5, gen=female, skl=skilled}",-1.150469133,-1.155817164,0.055173719,-1.156558999,-0.096930773,-0.110376218,0.575503356,0.004648566,0.005293377,-0.04773568,0,1,1,298
d,0.075,arpie_f_u_i1,"pie_{1, gen=female}",11.14895081,11.12387144,0.046155872,11.12423444,-0.54336265,-0.535498008,0.746644295,-0.002249483,-0.002216924,0.004149263,0,0,0,298
d,0.075,arpie_f_u_i3,"pie_{2, gen=female, skl=unskilled}",-0.256620615,-0.243985453,0.07673395,-0.241399732,0.16466195,0.198359167,0.397651007,-0.049236737,-0.059312781,-0.314502152,0,0,0,298
d,0.075,arpie_f_u_i4,"pie_{3, gen=female, skl=unskilled}",-0.265064989,-0.255355187,0.037334354,-0.256172683,0.260076874,0.238180256,0.380872483,-0.036631779,-0.033547645,-0.146205584,0,0,0,298
d,0.075,arpie_f_u_i5,"pie_{4, gen=female, skl=unskilled}",-2.074389932,-2.104699658,0.086804894,-2.102949608,-0.349170705,-0.329009979,0.659395973,0.014611393,0.013767747,-0.041243364,0,0,0,298
d,0.075,arpie_f_u_i6,"pie_{5, gen=female, skl=unskilled}",-0.513692827,-0.507617611,0.132943527,-0.511444337,0.045697715,0.016913125,0.498322148,-0.011826553,-0.004377111,-0.261896995,1,1,1,298
d,0.075,arpie_k_s_i3,"pie_{2, gen=male, skl=skilled}",-0.043897687,-0.082431916,0.080642687,-0.069592871,-0.477839099,-0.318630053,0.709731544,0.87781911,0.585342535,-0.97829446,0,0,0,298
d,0.075,arpie_k_s_i4,"pie_{3, gen=male, skl=skilled}",0.915589434,0.863216007,0.062531087,0.871269741,-0.837558222,-0.708762542,0.877516779,-0.057201869,-0.04840564,0.072439676,0,0,0,298
d,0.075,arpie_k_s_i5,"pie_{4, gen=male, skl=skilled}",-3.030676517,-3.080635198,0.053924485,-3.073232407,-0.926456343,-0.789175646,0.904362416,0.016484333,0.014041713,-0.01750434,0,0,0,298
d,0.075,arpie_k_s_i6,"pie_{5, gen=male, skl=skilled}",1.102496614,1.070055588,0.050502748,1.073353809,-0.642361587,-0.577053831,0.776845638,-0.029425057,-0.026433464,0.047196378,0,0,0,298
d,0.075,arpie_k_u_i1,"pie_{1, gen=male}",2.445619711,2.376514474,0.044769503,2.379927786,-1.543578381,-1.467336497,0.978187919,-0.028256739,-0.026861055,0.018838304,0,0,0,298
d,0.075,arpie_k_u_i3,"pie_{2, gen=male, skl=unskilled}",-2.280383712,-2.28829122,0.069879567,-2.289303139,-0.113159091,-0.127639987,0.588926174,0.003467622,0.003911371,-0.030537882,0,1,1,298
d,0.075,arpie_k_u_i4,"pie_{3, gen=male, skl=unskilled}",3.017463171,3.004548406,0.04422708,3.002084943,-0.292010338,-0.347710675,0.652684564,-0.004280007,-0.005096409,0.014720042,0,0,0,298
d,0.075,arpie_k_u_i5,"pie_{4, gen=male, skl=unskilled}",0.844949471,0.827073024,0.097667795,0.826658095,-0.183033177,-0.187281551,0.605704698,-0.021156824,-0.021647893,0.118088478,0,0,0,298
d,0.075,arpie_k_u_i6,"pie_{5, gen=male, skl=unskilled}",0.711888988,0.719567578,0.04640547,0.71305156,0.165467349,0.025052464,0.488255034,0.010786218,0.00163308,0.064490773,0,0,0,298
d,0.075,arpsi0_f_s_i2,"psi_{gen=female, skl=skilled, occ=routine}",1.159078798,1.145762991,0.04080554,1.145396787,-0.3263235,-0.335297883,0.666107383,-0.011488267,-0.011804211,0.035614294,0,0,0,298
d,0.075,arpsi0_f_s_i3,"psi_{gen=female, skl=skilled, occ=analytical}",2.193667969,2.179520659,0.04711806,2.178225166,-0.300252378,-0.327747012,0.669463087,-0.006449157,-0.007039718,0.021618543,0,0,0,298
d,0.075,arpsi0_f_u_i1,"psi_{gen=female, skl=unskilled, occ=manual}",7.371475708,7.364434216,0.032251756,7.365502256,-0.218328942,-0.185213226,0.58557047,-9.55E-04,-8.10E-04,0.004379394,0,0,0,298
d,0.075,arpsi0_f_u_i2,"psi_{gen=female, skl=unskilled, occ=routine}",6.541822429,6.545493825,0.026297992,6.543101022,0.139607471,0.048619424,0.488255034,5.61E-04,1.95E-04,0.004017725,0,0,1,298
d,0.075,arpsi0_f_u_i3,"psi_{gen=female, skl=unskilled, occ=analytical}",6.308125893,6.325773758,0.030442613,6.323950525,0.579709247,0.519818423,0.280201342,0.00279764,0.002508611,0.004812473,0,0,0,298
d,0.075,arpsi0_k_s_i2,"psi_{gen=male, skl=skilled, occ=routine}",0.429603896,0.41714321,0.034870064,0.415282879,-0.357346224,-0.410696624,0.69295302,-0.029005058,-0.0333354,0.083592549,0,0,0,298
d,0.075,arpsi0_k_s_i3,"psi_{gen=male, skl=skilled, occ=analytical}",1.349372247,1.334685887,0.046532019,1.332931315,-0.315618367,-0.353325128,0.669463087,-0.010883846,-0.012184133,0.034863648,0,0,0,298
d,0.075,arpsi0_k_u_i1,"psi_{gen=male, skl=unskilled, occ=manual}",6.692485303,6.688794225,0.02065587,6.689025751,-0.1786939,-0.167485163,0.598993289,-5.52E-04,-5.17E-04,0.003088131,0,0,0,298
d,0.075,arpsi0_k_u_i2,"psi_{gen=male, skl=unskilled, occ=routine}",6.243025732,6.243281441,0.019621904,6.245251841,0.013031795,0.113450191,0.454697987,4.10E-05,3.57E-04,0.003142883,1,1,1,298
d,0.075,arpsi0_k_u_i3,"psi_{gen=male, skl=unskilled, occ=analytical}",5.066280504,5.084971977,0.030669747,5.081976201,0.609443311,0.511764786,0.256711409,0.003689388,0.003098071,0.006031449,0,0,0,298
d,0.075,fl_yzagg_y1989,Y_{1989}/Z_{1989},1.490419413,1.538753753,0.100533121,1.523612045,0.480780257,0.330166131,0.340604027,0.032430026,0.022270665,0.065334119,0,0,0,298
d,0.075,fl_yzagg_y1992,Y_{1992}/Z_{1992},1.459532241,1.497876933,0.089082365,1.480103695,0.430440886,0.230926221,0.407718121,0.026271905,0.014094553,0.059472419,0,0,0,298
d,0.075,fl_yzagg_y1994,Y_{1994}/Z_{1994},1.649710522,1.681413558,0.086663433,1.663370056,0.365817917,0.157615892,0.427852349,0.019217333,0.008279958,0.051542009,0,0,0,298
d,0.075,fl_yzagg_y1996,Y_{1996}/Z_{1996},1.768402483,1.804685132,0.086951996,1.796730732,0.417272179,0.32579181,0.354026846,0.02051719,0.016019118,0.048181256,0,0,0,298
d,0.075,fl_yzagg_y1998,Y_{1998}/Z_{1998},1.80167623,1.823123406,0.097067702,1.808322413,0.220950696,0.068469559,0.451342282,0.011904012,0.003688889,0.053242529,0,0,0,298
d,0.075,fl_yzagg_y2000,Y_{2000}/Z_{2000},2.060019725,2.075962494,0.087017453,2.066129857,0.18321346,0.070217314,0.474832215,0.007739134,0.002966055,0.041916679,0,0,0,298
d,0.075,fl_yzagg_y2002,Y_{2002}/Z_{2002},2.059601591,2.084714093,0.087295816,2.070758061,0.287671312,0.127800733,0.424496644,0.012192893,0.005416809,0.041874239,0,0,0,298
d,0.075,fl_yzagg_y2004,Y_{2004}/Z_{2004},2.280845854,2.300546611,0.09266277,2.285026562,0.212607042,0.045117453,0.474832215,0.008637479,0.001832964,0.040278588,0,0,0,298
d,0.075,fl_yzagg_y2005,Y_{2005}/Z_{2005},2.339097116,2.352314568,0.087738474,2.345440097,0.150646024,0.072294179,0.464765101,0.005650664,0.002711722,0.037298785,0,0,0,298
d,0.075,fl_yzagg_y2008,Y_{2008}/Z_{2008},2.490209212,2.501571609,0.092229815,2.490674588,0.123196569,0.005045825,0.494966443,0.004562828,1.87E-04,0.036868749,0,0,1,298
d,0.075,fl_yzagg_y2010,Y_{2010}/Z_{2010},2.715248027,2.724556982,0.101567657,2.710373691,0.091652752,-0.047991024,0.52852349,0.0034284,-0.001795172,0.037278595,1,1,1,298
d,0.075,fl_yzagg_y2012,Y_{2012}/Z_{2012},2.822409241,2.834052134,0.098825523,2.828119961,0.117812609,0.057785877,0.478187919,0.004125161,0.002023349,0.03487075,0,0,1,298
d,0.075,fl_yzagg_y2014,Y_{2014}/Z_{2014},2.870910889,2.888406913,0.090700684,2.877580459,0.192898479,0.07353384,0.47147651,0.006094241,0.002323155,0.03140163,0,0,0,298
d,0.075,nest1,rho_{1},0.031410541,-1.657041727,3.734692623,-0.109200004,-0.452099393,-0.037649831,0.535234899,-0.635463211,-0.12676753,-2.253831367,0,0,0,298
d,0.075,nest10,"rho_{3, occ=manual}",0.73852019,0.753383444,0.124870642,0.782266512,0.119029212,0.350333119,0.377516779,0.060268679,0.200916826,0.165746464,0,0,1,298
d,0.075,nest1112,"rho_{4, occ=manual}",0.083519175,0.140394558,0.19029562,0.107809674,0.298879099,0.127646127,0.464765101,0.066164522,0.027225692,1.355434441,0,0,0,298
d,0.075,nest2,rho_{2},-0.154375145,-4.718897695,45.60241984,-0.009085216,-0.100093867,0.003186014,0.464765101,-0.798147264,0.143981824,-9.6637865,0,1,1,298
d,0.075,nest20,"rho_{3, occ=routine}",0.300517472,0.263430431,0.182978233,0.274217439,-0.202685537,-0.143733121,0.572147651,-0.050351037,-0.036236793,0.694597936,0,0,0,298
d,0.075,nest2122,"rho_{4, occ=routine}",0.21768748,0.28440706,0.268986848,0.272103013,0.248040307,0.202298118,0.431208054,0.093236778,0.07475719,0.945781189,0,0,0,298
d,0.075,nest30,"rho_{3, occ=analytical}",0.302314691,-0.418919194,1.426276181,-0.014879396,-0.505676176,-0.222393174,0.58557047,-0.508298068,-0.312543626,-3.40465703,0,0,0,298
d,0.075,nest3132,"rho_{4, occ=analytical}",0.659790692,0.636400284,0.206655281,0.674693035,-0.113185629,0.072112086,0.484899329,-0.064330105,0.045810096,0.324725313,0,1,1,298
d,0.075,psi1,psi_1,0.966069917,0.95291926,0.053821984,0.959741815,-0.244336163,-0.117574681,0.572147651,-0.013612531,-0.006550357,0.056481159,0,0,0,298
